zip,city,county,region,policies,prior_policies,change_pct,direction,yoy_change_pct,yoy_direction
95667,Placerville,El Dorado,Northern CA,7374,7398,-0.3,flat,15.8,up
92352,Lake Arrowhead,San Bernardino,SB Mountains,6862,6831,0.5,flat,6.4,up
96161,Truckee,Nevada,Northern CA,6443,6316,2.0,up,14.0,up
92315,Big Bear Lake,San Bernardino,SB Mountains,5761,5718,0.8,up,7.7,up
92314,Big Bear City,San Bernardino,Southern CA,5547,5488,1.1,up,8.8,up
95370,Sonora,Tuolumne,Northern CA,5150,5103,0.9,up,10.0,up
96150,South Lake Tahoe,El Dorado,Northern CA,5116,5072,0.9,up,13.0,up
95949,Grass Valley,Nevada,Northern CA,4923,4960,-0.7,down,18.5,up
95223,Arnold,Calaveras,Northern CA,4771,4735,0.8,up,8.0,up
95959,Nevada City,Nevada,Northern CA,4724,4711,0.3,flat,16.5,up
92325,Crestline,San Bernardino,SB Mountains,4296,4280,0.4,flat,5.3,up
95945,Grass Valley,Nevada,Northern CA,4190,4229,-0.9,down,23.3,up
92028,Fallbrook,San Diego,Southern CA,3882,3793,2.3,up,37.5,up
92065,Ramona,San Diego,Southern CA,3880,3768,3.0,up,28.8,up
92679,Trabuco Canyon,Orange,Southern CA,3398,3200,6.2,up,30.4,up
92399,Yucaipa,San Bernardino,SB Mountains,3329,3122,6.6,up,46.8,up
92570,Perris,Riverside,Southern CA,3156,3004,5.1,up,41.0,up
92562,Murrieta,Riverside,Southern CA,3155,2983,5.8,up,49.6,up
92223,Beaumont,Riverside,Southern CA,3139,2944,6.6,up,92.5,up
91709,Chino Hills,San Bernardino,Southern CA,3043,2924,4.1,up,55.3,up
91901,Alpine,San Diego,Southern CA,3024,3002,0.7,up,18.2,up
95966,Oroville,Butte,Northern CA,3006,3032,-0.9,down,17.0,up
92530,Lake Elsinore,Riverside,Southern CA,2927,2778,5.4,up,54.7,up
95602,Auburn,Placer,Northern CA,2886,2933,-1.6,down,15.2,up
92082,Valley Center,San Diego,Southern CA,2863,2852,0.4,flat,24.8,up
90011,Los Angeles,Los Angeles,Southern CA,2861,2865,-0.1,flat,18.3,up
94611,Oakland,Alameda,Northern CA,2822,2768,2.0,up,53.3,up
92382,Running Springs,San Bernardino,SB Mountains,2816,2801,0.5,up,7.7,up
92026,Escondido,San Diego,Southern CA,2806,2742,2.3,up,46.7,up
92549,Idyllwild,Riverside,Southern CA,2781,2775,0.2,flat,8.2,up
91302,Calabasas,Los Angeles,Southern CA,2776,2757,0.7,up,37.5,up
94563,Orinda,Contra Costa,Northern CA,2691,2674,0.6,up,119.7,up
95726,Pollock Pines,El Dorado,Northern CA,2688,2691,-0.1,flat,9.9,up
91342,Sylmar,Los Angeles,Southern CA,2619,2500,4.8,up,34.9,up
90210,Beverly Hills,Los Angeles,Southern CA,2599,2616,-0.6,down,16.5,up
95682,Shingle Springs,El Dorado,Northern CA,2565,2577,-0.5,flat,20.2,up
92883,Corona,Riverside,Southern CA,2551,2430,5.0,up,49.6,up
92592,Temecula,Riverside,Southern CA,2550,2513,1.5,up,76.2,up
90265,Malibu,Los Angeles,Southern CA,2493,2492,0.0,flat,6.8,up
90046,Los Angeles,Los Angeles,Southern CA,2310,2315,-0.2,flat,15.7,up
91387,Canyon Country,Los Angeles,Southern CA,2309,2213,4.3,up,43.0,up
91384,Castaic,Los Angeles,Southern CA,2306,2225,3.6,up,33.7,up
92882,Corona,Riverside,Southern CA,2246,2132,5.3,up,54.5,up
90044,Los Angeles,Los Angeles,Southern CA,2244,2236,0.4,flat,28.0,up
95666,Pioneer,Amador,Northern CA,2211,2216,-0.2,flat,8.1,up
95383,Twain Harte,Tuolumne,Northern CA,2175,2145,1.4,up,6.5,up
90049,Los Angeles,Los Angeles,Southern CA,2163,2127,1.7,up,32.8,up
93561,Tehachapi,Kern,Southern CA,2153,2108,2.1,up,26.6,up
95338,Mariposa,Mariposa,Northern CA,2130,2139,-0.4,flat,10.6,up
92595,Wildomar,Riverside,Southern CA,2127,2006,6.0,up,46.1,up
95603,Auburn,Placer,Northern CA,2105,2135,-1.4,down,35.5,up
95321,Groveland,Tuolumne,Northern CA,2103,2117,-0.7,down,5.4,up
95954,Magalia,Butte,Northern CA,2075,2105,-1.4,down,8.1,up
90077,Los Angeles,Los Angeles,Southern CA,2063,2061,0.1,flat,15.5,up
90003,Los Angeles,Los Angeles,Southern CA,2001,1993,0.4,flat,22.8,up
95713,Colfax,Placer,Northern CA,2001,2006,-0.2,flat,15.6,up
95033,Los Gatos,Santa Cruz,Northern CA,1992,2023,-1.5,down,69.2,up
95969,Paradise,Butte,Northern CA,1987,2028,-2.0,down,14.7,up
92386,Sugarloaf,San Bernardino,Southern CA,1960,1950,0.5,up,8.2,up
92407,San Bernardino,San Bernardino,SB Mountains,1952,1867,4.6,up,49.2,up
90290,Topanga,Los Angeles,Southern CA,1950,1972,-1.1,down,2.7,up
90001,Los Angeles,Los Angeles,Southern CA,1942,1967,-1.3,down,18.1,up
92544,Hemet,Riverside,Southern CA,1919,1853,3.6,up,60.4,up
93065,Simi Valley,Ventura,Southern CA,1916,1839,4.2,up,70.7,up
92563,Murrieta,Riverside,Southern CA,1887,1759,7.3,up,143.4,up
91765,Diamond Bar,Los Angeles,Southern CA,1876,1808,3.8,up,68.2,up
94549,Lafayette,Contra Costa,Northern CA,1863,1869,-0.3,flat,91.3,up
92019,El Cajon,San Diego,Southern CA,1851,1816,1.9,up,59.1,up
91390,Santa Clarita,Los Angeles,Southern CA,1830,1760,4.0,up,30.8,up
92503,Riverside,Riverside,Southern CA,1828,1767,3.5,up,81.1,up
92040,Lakeside,San Diego,Southern CA,1803,1732,4.1,up,68.7,up
92021,El Cajon,San Diego,Southern CA,1790,1735,3.2,up,50.4,up
95946,Penn Valley,Nevada,Northern CA,1789,1748,2.3,up,24.6,up
92555,Moreno Valley,Riverside,Southern CA,1763,1626,8.4,up,94.8,up
92397,Wrightwood,San Bernardino,SB Mountains,1756,1726,1.7,up,7.0,up
92127,San Diego,San Diego,Southern CA,1753,1682,4.2,up,126.8,up
91301,Agoura Hills,Los Angeles,Southern CA,1739,1702,2.2,up,41.3,up
95631,Foresthill,Placer,Northern CA,1732,1742,-0.6,down,10.1,up
93614,Coarsegold,Madera,Northern CA,1729,1735,-0.3,flat,20.5,up
90068,Los Angeles,Los Angeles,Southern CA,1727,1698,1.7,up,22.1,up
93023,Ojai,Ventura,Southern CA,1698,1684,0.8,up,24.0,up
92078,San Marcos,San Diego,Southern CA,1697,1674,1.4,up,88.1,up
95762,El Dorado Hills,El Dorado,Northern CA,1697,1668,1.7,up,77.7,up
91362,Thousand Oaks,Ventura,Southern CA,1695,1665,1.8,up,88.6,up
92532,Lake Elsinore,Riverside,Southern CA,1689,1558,8.4,up,53.2,up
96145,Tahoe City,Placer,Northern CA,1686,1654,1.9,up,20.6,up
92220,Banning,Riverside,Southern CA,1661,1552,7.0,up,78.0,up
92584,Menifee,Riverside,Southern CA,1639,1522,7.7,up,109.3,up
91935,Jamul,San Diego,Southern CA,1635,1626,0.6,up,19.1,up
93546,Mammoth Lakes,Mono,Northern CA,1632,1583,3.1,up,53.8,up
93644,Oakhurst,Madera,Northern CA,1628,1650,-1.3,down,17.7,up
96003,Redding,Shasta,Northern CA,1628,1591,2.3,up,31.5,up
90037,Los Angeles,Los Angeles,Southern CA,1622,1611,0.7,up,17.2,up
92131,San Diego,San Diego,Southern CA,1622,1574,3.0,up,67.5,up
92064,Poway,San Diego,Southern CA,1621,1569,3.3,up,71.7,up
92557,Moreno Valley,Riverside,Southern CA,1619,1506,7.5,up,86.7,up
92651,Laguna Beach,Orange,Southern CA,1606,1568,2.4,up,48.0,up
91361,Westlake Village,Ventura,Southern CA,1600,1585,0.9,up,45.8,up
90201,Bell Gardens,Los Angeles,Southern CA,1590,1548,2.7,up,44.5,up
92545,Hemet,Riverside,Southern CA,1582,1516,4.4,up,113.3,up
93108,Santa Barbara,Santa Barbara,Southern CA,1579,1601,-1.4,down,35.2,up
92129,San Diego,San Diego,Southern CA,1577,1514,4.2,up,80.7,up
95006,Boulder Creek,Santa Cruz,Northern CA,1567,1542,1.6,up,29.4,up
90280,South Gate,Los Angeles,Southern CA,1561,1562,-0.1,flat,37.2,up
93664,Shaver Lake,Fresno,Northern CA,1544,1534,0.7,up,11.5,up
90063,Los Angeles,Los Angeles,Southern CA,1530,1543,-0.8,down,17.3,up
95451,Kelseyville,Lake,Northern CA,1501,1448,3.7,up,11.0,up
91042,Tujunga,Los Angeles,Southern CA,1478,1442,2.5,up,30.9,up
95066,Scotts Valley,Santa Cruz,Northern CA,1478,1484,-0.4,flat,55.2,up
92130,San Diego,San Diego,Southern CA,1465,1387,5.6,up,135.0,up
92688,Rancho Santa Margarita,Orange,Southern CA,1459,1351,8.0,up,78.0,up
91364,Woodland Hills,Los Angeles,Southern CA,1455,1438,1.2,up,46.7,up
92027,Escondido,San Diego,Southern CA,1435,1375,4.4,up,57.2,up
92371,Phelan,San Bernardino,Southern CA,1418,1351,5.0,up,39.3,up
95060,Santa Cruz,Santa Cruz,Northern CA,1411,1423,-0.8,down,71.1,up
90255,Huntington Park,Los Angeles,Southern CA,1406,1410,-0.3,flat,36.4,up
95018,Felton,Santa Cruz,Northern CA,1405,1421,-1.1,down,50.1,up
93105,Santa Barbara,Santa Barbara,Southern CA,1390,1401,-0.8,down,24.5,up
93063,Simi Valley,Ventura,Southern CA,1389,1327,4.7,up,61.4,up
90022,Los Angeles,Los Angeles,Southern CA,1385,1361,1.8,up,26.9,up
90272,Pacific Palisades,Los Angeles,Southern CA,1376,1391,-1.1,down,8.9,up
91350,Santa Clarita,Los Angeles,Southern CA,1369,1272,7.6,up,89.1,up
91326,Porter Ranch,Los Angeles,Southern CA,1368,1301,5.1,up,82.4,up
90002,Los Angeles,Los Angeles,Southern CA,1361,1376,-1.1,down,23.6,up
92345,Hesperia,San Bernardino,Southern CA,1360,1322,2.9,up,76.7,up
92596,Winchester,Riverside,Southern CA,1326,1262,5.1,up,196.4,up
92694,Ladera Ranch,Orange,Southern CA,1326,1225,8.2,up,96.0,up
95722,Meadow Vista,Placer,Northern CA,1322,1334,-0.9,down,9.2,up
95247,Murphys,Calaveras,Northern CA,1314,1308,0.5,flat,10.0,up
92071,Santee,San Diego,Southern CA,1296,1237,4.8,up,84.8,up
91331,Pacoima,Los Angeles,Southern CA,1277,1271,0.5,flat,24.3,up
91321,Newhall,Los Angeles,Southern CA,1276,1208,5.6,up,37.5,up
92373,Redlands,San Bernardino,SB Mountains,1276,1237,3.2,up,42.5,up
92509,Riverside,Riverside,Southern CA,1272,1246,2.1,up,87.6,up
93923,Carmel,Monterey,Northern CA,1270,1323,-4.0,down,23.9,up
95482,Ukiah,Mendocino,Northern CA,1262,1225,3.0,up,38.8,up
91320,Newbury Park,Ventura,Southern CA,1256,1217,3.2,up,67.2,up
93551,Palmdale,Los Angeles,Southern CA,1250,1213,3.1,up,50.0,up
92346,Highland,San Bernardino,SB Mountains,1246,1203,3.6,up,69.8,up
92587,Quail Valley,Riverside,Southern CA,1239,1180,5.0,up,81.2,up
91356,Tarzana,Los Angeles,Southern CA,1235,1227,0.7,up,52.5,up
95003,Aptos,Santa Cruz,Northern CA,1227,1248,-1.7,down,95.1,up
91011,La Canada Flintridge,Los Angeles,Southern CA,1206,1178,2.4,up,36.8,up
90023,Los Angeles,Los Angeles,Southern CA,1198,1220,-1.8,down,17.1,up
91311,Chatsworth,Los Angeles,Southern CA,1196,1138,5.1,up,56.7,up
91214,La Crescenta,Los Angeles,Southern CA,1185,1136,4.3,up,51.2,up
92084,Vista,San Diego,Southern CA,1181,1177,0.3,flat,48.8,up
92344,Hesperia,San Bernardino,Southern CA,1176,1134,3.7,up,37.7,up
92880,Corona,Riverside,Southern CA,1166,1113,4.8,up,119.8,up
92336,Fontana,San Bernardino,Southern CA,1152,1115,3.3,up,87.6,up
95665,Pine Grove,Amador,Northern CA,1135,1138,-0.3,flat,8.1,up
90047,Los Angeles,Los Angeles,Southern CA,1129,1136,-0.6,down,29.0,up
92029,Escondido,San Diego,Southern CA,1118,1095,2.1,up,50.1,up
94506,Danville,Contra Costa,Northern CA,1112,1117,-0.4,flat,87.7,up
90042,Los Angeles,Los Angeles,Southern CA,1104,1113,-0.8,down,32.4,up
92324,Colton,San Bernardino,Southern CA,1104,1069,3.3,up,47.9,up
92036,Julian,San Diego,Southern CA,1096,1078,1.7,up,10.5,up
92320,Calimesa,Riverside,Southern CA,1093,1045,4.6,up,58.3,up
90018,Los Angeles,Los Angeles,Southern CA,1089,1094,-0.5,flat,23.0,up
96137,Westwood,Plumas,Northern CA,1088,1074,1.3,up,13.9,up
92009,Carlsbad,San Diego,Southern CA,1079,1053,2.5,up,116.1,up
90262,Lynwood,Los Angeles,Southern CA,1078,1060,1.7,up,31.6,up
92571,Perris,Riverside,Southern CA,1078,1027,5.0,up,110.5,up
92677,Laguna Niguel,Orange,Southern CA,1077,1049,2.7,up,101.1,up
91040,Sunland,Los Angeles,Southern CA,1075,1040,3.4,up,37.9,up
92404,San Bernardino,San Bernardino,SB Mountains,1075,1044,3.0,up,55.2,up
91745,Hacienda Heights,Los Angeles,Southern CA,1074,1042,3.1,up,58.3,up
95709,Camino,El Dorado,Northern CA,1074,1061,1.2,up,13.9,up
95446,Guerneville,Sonoma,Northern CA,1067,1060,0.7,up,14.5,up
95404,Santa Rosa,Sonoma,Northern CA,1062,1084,-2.0,down,53.6,up
91208,Glendale,Los Angeles,Southern CA,1055,1036,1.8,up,31.7,up
90065,Los Angeles,Los Angeles,Southern CA,1053,1067,-1.3,down,30.0,up
95490,Willits,Mendocino,Northern CA,1048,1024,2.3,up,15.0,up
92392,Victorville,San Bernardino,Southern CA,1046,993,5.3,up,95.7,up
91381,Stevenson Ranch,Los Angeles,Southern CA,1036,973,6.5,up,55.4,up
91304,Canoga Park,Los Angeles,Southern CA,1026,985,4.2,up,49.2,up
91001,Altadena,Los Angeles,Southern CA,1025,992,3.3,up,4.5,up
90221,Compton,Los Angeles,Southern CA,1013,1004,0.9,up,28.9,up
91436,Encino,Los Angeles,Southern CA,1008,996,1.2,up,51.5,up
92507,Riverside,Riverside,Southern CA,1004,948,5.9,up,105.9,up
92391,Twin Peaks,San Bernardino,SB Mountains,1000,997,0.3,flat,5.7,up
93222,Pine Mountain Club,Kern,Southern CA,998,985,1.3,up,16.2,up
95076,Watsonville,Santa Cruz,Northern CA,998,1002,-0.4,flat,70.9,up
90062,Los Angeles,Los Angeles,Southern CA,994,988,0.6,up,20.9,up
91604,Studio City,Los Angeles,Southern CA,994,1022,-2.7,down,30.4,up
94558,Napa,Napa,Northern CA,993,991,0.2,flat,33.6,up
92128,San Diego,San Diego,Southern CA,988,959,3.0,up,134.8,up
91354,Valencia,Los Angeles,Southern CA,983,919,7.0,up,113.9,up
91352,Sun Valley,Los Angeles,Southern CA,981,940,4.4,up,29.2,up
91789,Walnut,Los Angeles,Southern CA,968,924,4.8,up,102.0,up
91748,Rowland Heights,Los Angeles,Southern CA,967,933,3.6,up,92.6,up
94941,Mill Valley,Marin,Northern CA,967,935,3.4,up,48.7,up
95005,Ben Lomond,Santa Cruz,Northern CA,957,991,-3.4,down,45.2,up
91206,Glendale,Los Angeles,Southern CA,955,961,-0.6,down,30.2,up
92673,San Clemente,Orange,Southern CA,951,912,4.3,up,75.8,up
93510,Acton,Los Angeles,Southern CA,950,943,0.7,up,20.0,up
91766,Pomona,Los Angeles,Southern CA,945,930,1.6,up,69.0,up
92069,San Marcos,San Diego,Southern CA,937,919,2.0,up,87.0,up
91351,Canyon Country,Los Angeles,Southern CA,934,896,4.2,up,54.6,up
93021,Moorpark,Ventura,Southern CA,931,878,6.0,up,56.9,up
90026,Los Angeles,Los Angeles,Southern CA,926,919,0.8,up,27.0,up
95335,Long Barn,Tuolumne,Northern CA,917,911,0.7,up,3.5,up
95422,Clearlake,Lake,Northern CA,915,897,2.0,up,24.5,up
96146,Olympic Valley,Placer,Northern CA,911,897,1.6,up,18.9,up
96088,Shingletown,Shasta,Northern CA,909,905,0.4,flat,7.7,up
92057,Oceanside,San Diego,Southern CA,908,900,0.9,up,107.7,up
91744,La Puente,Los Angeles,Southern CA,906,906,0.0,flat,33.1,up
90031,Los Angeles,Los Angeles,Southern CA,902,900,0.2,flat,24.3,up
93225,Frazier Park,Kern,Southern CA,902,895,0.8,up,26.2,up
92887,Yorba Linda,Orange,Southern CA,901,859,4.9,up,44.7,up
95228,Copperopolis,Calaveras,Northern CA,897,902,-0.6,down,18.7,up
96001,Redding,Shasta,Northern CA,893,871,2.5,up,53.9,up
92543,Hemet,Riverside,Southern CA,886,851,4.1,up,113.1,up
96067,Mount Shasta,Siskiyou,Northern CA,875,854,2.5,up,43.1,up
93550,Palmdale,Los Angeles,Southern CA,874,851,2.7,up,54.0,up
95633,Garden Valley,El Dorado,Northern CA,872,875,-0.3,flat,18.4,up
93924,Carmel Valley,Monterey,Northern CA,869,873,-0.5,flat,19.8,up
91377,Oak Park,Ventura,Southern CA,868,810,7.2,up,70.7,up
91423,Sherman Oaks,Los Angeles,Southern CA,858,865,-0.8,down,32.8,up
93535,Lancaster,Los Angeles,Southern CA,858,843,1.8,up,96.9,up
92284,Yucca Valley,San Bernardino,Southern CA,850,793,7.2,up,75.2,up
96007,Anderson,Shasta,Northern CA,845,814,3.8,up,21.7,up
91750,La Verne,Los Angeles,Southern CA,844,813,3.8,up,55.2,up
91403,Sherman Oaks,Los Angeles,Southern CA,840,839,0.1,flat,36.6,up
94507,Alamo,Contra Costa,Northern CA,838,845,-0.8,down,99.3,up
96142,Tahoma,El Dorado,Northern CA,837,833,0.5,flat,17.1,up
95327,Jamestown,Tuolumne,Northern CA,832,817,1.8,up,17.1,up
96140,Carnelian Bay,Placer,Northern CA,829,813,2.0,up,18.3,up
90043,Los Angeles,Los Angeles,Southern CA,827,817,1.2,up,31.7,up
90059,Los Angeles,Los Angeles,Southern CA,825,835,-1.2,down,25.0,up
92506,Riverside,Riverside,Southern CA,825,815,1.2,up,88.6,up
90019,Los Angeles,Los Angeles,Southern CA,824,816,1.0,up,30.4,up
90220,Compton,Los Angeles,Southern CA,824,831,-0.8,down,33.4,up
93446,Paso Robles,San Luis Obispo,Southern CA,824,834,-1.2,down,47.8,up
94708,Berkeley,Alameda,Northern CA,824,761,8.3,up,79.0,up
96022,Cottonwood,Tehama,Northern CA,816,788,3.6,up,21.1,up
95634,Georgetown,El Dorado,Northern CA,812,817,-0.6,down,18.8,up
92886,Yorba Linda,Orange,Southern CA,811,803,1.0,up,77.3,up
91344,Granada Hills,Los Angeles,Southern CA,809,784,3.2,up,48.7,up
92585,Sun City,Riverside,Southern CA,799,728,9.8,up,146.4,up
93422,Atascadero,San Luis Obispo,Southern CA,796,826,-3.6,down,53.5,up
91316,Encino,Los Angeles,Southern CA,793,796,-0.4,flat,53.1,up
92067,Rancho Santa Fe,San Diego,Southern CA,791,806,-1.9,down,84.6,up
92301,Adelanto,San Bernardino,Southern CA,790,736,7.3,up,80.2,up
91016,Monrovia,Los Angeles,Southern CA,785,749,4.8,up,37.8,up
93285,Wofford Heights,Kern,Southern CA,784,792,-1.0,down,5.6,up
95379,Tuolumne,Tuolumne,Northern CA,782,775,0.9,up,4.7,up
92618,Irvine,Orange,Southern CA,780,753,3.6,up,136.7,up
91307,West Hills,Los Angeles,Southern CA,778,764,1.8,up,40.3,up
93240,Lake Isabella,Kern,Southern CA,776,764,1.6,up,18.2,up
91702,Azusa,Los Angeles,Southern CA,774,745,3.9,up,54.8,up
95623,El Dorado,El Dorado,Northern CA,774,785,-1.4,down,25.0,up
95346,Mi Wuk Village,Tuolumne,Northern CA,773,774,-0.1,flat,9.1,up
95614,Cool,El Dorado,Northern CA,769,779,-1.3,down,21.7,up
92675,San Juan Capistrano,Orange,Southern CA,767,731,4.9,up,107.7,up
93001,Ventura,Ventura,Southern CA,765,741,3.2,up,43.7,up
92672,San Clemente,Orange,Southern CA,764,713,7.2,up,103.1,up
95684,Somerset,El Dorado,Northern CA,763,774,-1.4,down,4.5,up
92126,San Diego,San Diego,Southern CA,762,743,2.6,up,80.8,up
90032,Los Angeles,Los Angeles,Southern CA,761,762,-0.1,flat,29.5,up
91773,San Dimas,Los Angeles,Southern CA,758,735,3.1,up,57.7,up
91741,Glendora,Los Angeles,Southern CA,755,722,4.6,up,51.4,up
93265,Springville,Tulare,Northern CA,754,738,2.2,up,22.8,up
90033,Los Angeles,Los Angeles,Southern CA,751,751,0.0,flat,17.5,up
92539,Anza,Riverside,Southern CA,749,746,0.4,flat,21.1,up
91360,Thousand Oaks,Ventura,Southern CA,742,735,1.0,up,75.0,up
95073,Soquel,Santa Cruz,Northern CA,741,739,0.3,flat,89.3,up
95252,Valley Springs,Calaveras,Northern CA,728,746,-2.4,down,22.4,up
92508,Riverside,Riverside,Southern CA,726,689,5.4,up,177.1,up
95409,Santa Rosa,Sonoma,Northern CA,722,731,-1.2,down,97.5,up
92308,Apple Valley,San Bernardino,Southern CA,721,668,7.9,up,73.5,up
92881,Corona,Riverside,Southern CA,715,680,5.1,up,66.6,up
95070,Saratoga,Santa Clara,Northern CA,714,719,-0.7,down,69.8,up
95650,Loomis,Placer,Northern CA,714,725,-1.5,down,38.7,up
92808,Anaheim,Orange,Southern CA,710,679,4.6,up,80.5,up
95746,Granite Bay,Placer,Northern CA,706,709,-0.4,flat,46.0,up
91706,Baldwin Park,Los Angeles,Southern CA,701,693,1.2,up,29.7,up
93907,Salinas,Monterey,Northern CA,701,695,0.9,up,28.7,up
92333,Fawnskin,San Bernardino,Southern CA,699,692,1.0,up,4.9,up
91107,Pasadena,Los Angeles,Southern CA,693,681,1.8,up,47.3,up
95476,Sonoma,Sonoma,Northern CA,693,704,-1.6,down,49.9,up
93012,Camarillo,Ventura,Southern CA,692,664,4.2,up,85.4,up
95672,Rescue,El Dorado,Northern CA,692,693,-0.1,flat,18.7,up
92341,Green Valley Lake,San Bernardino,SB Mountains,689,683,0.9,up,4.0,up
92504,Riverside,Riverside,Southern CA,688,672,2.4,up,92.0,up
93536,Lancaster,Los Angeles,Southern CA,686,646,6.2,up,98.9,up
95030,Los Gatos,Santa Clara,Northern CA,686,680,0.9,up,49.5,up
91770,Rosemead,Los Angeles,Southern CA,683,680,0.4,flat,78.8,up
90016,Los Angeles,Los Angeles,Southern CA,681,690,-1.3,down,23.7,up
92025,Escondido,San Diego,Southern CA,679,655,3.7,up,76.6,up
90601,Whittier,Los Angeles,Southern CA,673,633,6.3,up,59.7,up
94556,Moraga,Contra Costa,Northern CA,672,632,6.3,up,104.9,up
90222,Compton,Los Angeles,Southern CA,668,662,0.9,up,23.8,up
90805,Long Beach,Los Angeles,Southern CA,665,662,0.5,flat,34.9,up
95222,Angels Camp,Calaveras,Northern CA,660,656,0.6,up,16.5,up
94526,Danville,Contra Costa,Northern CA,659,680,-3.1,down,118.6,up
94605,Oakland,Alameda,Northern CA,657,630,4.3,up,68.2,up
90006,Los Angeles,Los Angeles,Southern CA,655,632,3.6,up,28.4,up
92307,Apple Valley,San Bernardino,Southern CA,655,627,4.5,up,92.5,up
92335,Fontana,San Bernardino,Southern CA,655,656,-0.2,flat,52.7,up
92583,San Jacinto,Riverside,Southern CA,654,651,0.5,flat,78.7,up
93643,North Fork,Madera,Northern CA,650,669,-2.8,down,13.0,up
96141,Homewood,Placer,Northern CA,647,648,-0.2,flat,27.7,up
91977,Spring Valley,San Diego,Southern CA,646,642,0.6,up,92.6,up
90631,La Habra,Orange,Southern CA,644,657,-2.0,down,46.5,up
95037,Morgan Hill,Santa Clara,Northern CA,643,621,3.5,up,50.9,up
96130,Susanville,Lassen,Northern CA,640,635,0.8,up,38.7,up
96143,Kings Beach,Placer,Northern CA,640,641,-0.2,flat,10.6,up
92376,Rialto,San Bernardino,Southern CA,637,624,2.1,up,65.3,up
95658,Newcastle,Placer,Northern CA,637,636,0.2,flat,37.7,up
93271,Three Rivers,Tulare,Northern CA,634,635,-0.2,flat,10.1,up
92586,Sun City,Riverside,Southern CA,633,624,1.4,up,140.2,up
95619,Diamond Springs,El Dorado,Northern CA,633,622,1.8,up,20.2,up
92410,San Bernardino,San Bernardino,Southern CA,631,631,0.0,flat,49.7,up
92024,Encinitas,San Diego,Southern CA,630,633,-0.5,flat,83.6,up
92553,Moreno Valley,Riverside,Southern CA,626,637,-1.7,down,65.0,up
95642,Jackson,Amador,Northern CA,626,641,-2.3,down,18.1,up
91335,Reseda,Los Angeles,Southern CA,624,615,1.5,up,33.3,up
95448,Healdsburg,Sonoma,Northern CA,624,623,0.2,flat,13.3,up
92656,Aliso Viejo,Orange,Southern CA,620,580,6.9,up,133.6,up
95965,Oroville,Butte,Northern CA,619,639,-3.1,down,23.3,up
96122,Portola,Plumas,Northern CA,619,605,2.3,up,16.0,up
92676,Silverado,Orange,Southern CA,614,611,0.5,flat,7.4,up
92567,Nuevo,Riverside,Southern CA,612,577,6.1,up,71.3,up
92657,Newport Coast,Orange,Southern CA,610,578,5.5,up,93.9,up
95685,Sutter Creek,Amador,Northern CA,606,611,-0.8,down,12.5,up
95971,Quincy,Plumas,Northern CA,606,600,1.0,up,10.4,up
93604,Bass Lake,Madera,Northern CA,601,585,2.7,up,17.3,up
91504,Burbank,Los Angeles,Southern CA,600,582,3.1,up,83.2,up
93103,Santa Barbara,Santa Barbara,Southern CA,599,579,3.5,up,46.1,up
92807,Anaheim,Orange,Southern CA,598,573,4.4,up,65.6,up
94553,Martinez,Contra Costa,Northern CA,596,589,1.2,up,86.0,up
92124,San Diego,San Diego,Southern CA,595,569,4.6,up,81.5,up
92119,San Diego,San Diego,Southern CA,592,572,3.5,up,89.5,up
92337,Fontana,San Bernardino,Southern CA,592,549,7.8,up,84.1,up
96103,Blairsden Graeagle,Plumas,Northern CA,592,593,-0.2,flat,7.4,up
93532,Lake Hughes,Los Angeles,Southern CA,584,588,-0.7,down,12.7,up
92372,Pinon Hills,San Bernardino,Southern CA,579,555,4.3,up,28.9,up
90650,Norwalk,Los Angeles,Southern CA,575,576,-0.2,flat,26.1,up
95503,Eureka,Humboldt,Northern CA,572,507,12.8,up,97.9,up
94574,Saint Helena,Napa,Northern CA,571,591,-3.4,down,18.6,up
93060,Santa Paula,Ventura,Southern CA,570,577,-1.2,down,40.2,up
92354,Loma Linda,San Bernardino,Southern CA,568,541,5.0,up,101.8,up
94515,Calistoga,Napa,Northern CA,568,565,0.5,up,31.6,up
93602,Auberry,Fresno,Northern CA,567,587,-3.4,down,10.8,up
93619,Clovis,Fresno,Northern CA,565,549,2.9,up,61.1,up
92536,Aguanga,Riverside,Southern CA,564,580,-2.8,down,15.4,up
90660,Pico Rivera,Los Angeles,Southern CA,561,549,2.2,up,31.3,up
95065,Santa Cruz,Santa Cruz,Northern CA,558,541,3.1,up,76.7,up
92548,Homeland,Riverside,Southern CA,552,536,3.0,up,48.5,up
91024,Sierra Madre,Los Angeles,Southern CA,549,541,1.5,up,23.9,up
93307,Bakersfield,Kern,Southern CA,548,547,0.2,flat,43.8,up
91367,Woodland Hills,Los Angeles,Southern CA,547,537,1.9,up,70.0,up
91739,Rancho Cucamonga,San Bernardino,SB Mountains,547,518,5.6,up,71.0,up
92154,San Diego,San Diego,Southern CA,544,526,3.4,up,141.3,up
92610,Foothill Ranch,Orange,Southern CA,544,477,14.0,up,79.4,up
94062,Redwood City,San Mateo,Northern CA,543,534,1.7,up,39.3,up
95728,Soda Springs,Nevada,Northern CA,543,533,1.9,up,15.9,up
91006,Arcadia,Los Angeles,Southern CA,541,525,3.0,up,70.0,up
93420,Arroyo Grande,San Luis Obispo,Southern CA,541,520,4.0,up,55.1,up
92879,Corona,Riverside,Southern CA,539,532,1.3,up,110.1,up
92120,San Diego,San Diego,Southern CA,535,521,2.7,up,88.6,up
91914,Chula Vista,San Diego,Southern CA,533,517,3.1,up,102.8,up
90069,West Hollywood,Los Angeles,Southern CA,532,536,-0.7,down,57.5,up
95531,Crescent City,Del Norte,Northern CA,531,489,8.6,up,75.5,up
92105,San Diego,San Diego,Southern CA,527,541,-2.6,down,83.5,up
94803,El Sobrante,Contra Costa,Northern CA,526,521,1.0,up,94.4,up
90061,Los Angeles,Los Angeles,Southern CA,523,522,0.2,flat,21.2,up
95453,Lakeport,Lake,Northern CA,523,524,-0.2,flat,37.0,up
91906,Campo,San Diego,Southern CA,522,520,0.4,flat,20.3,up
92395,Victorville,San Bernardino,Southern CA,522,500,4.4,up,96.6,up
96148,Tahoe Vista,Placer,Northern CA,521,514,1.4,up,14.7,up
95461,Middletown,Lake,Northern CA,516,515,0.2,flat,11.4,up
92264,Palm Springs,Riverside,Southern CA,515,510,1.0,up,211.6,up
91962,Pine Valley,San Diego,Southern CA,513,504,1.8,up,19.4,up
92405,San Bernardino,San Bernardino,Southern CA,510,515,-1.0,down,48.6,up
96097,Yreka,Siskiyou,Northern CA,510,477,6.9,up,51.3,up
94705,Berkeley,Alameda,Northern CA,509,494,3.0,up,74.8,up
90027,Los Angeles,Los Angeles,Southern CA,507,498,1.8,up,51.4,up
90640,Montebello,Los Angeles,Southern CA,505,485,4.1,up,44.5,up
95457,Lower Lake,Lake,Northern CA,505,491,2.9,up,8.5,up
91340,San Fernando,Los Angeles,Southern CA,504,506,-0.4,flat,24.2,up
91732,El Monte,Los Angeles,Southern CA,502,481,4.4,up,38.4,up
94552,Castro Valley,Alameda,Northern CA,502,484,3.7,up,52.4,up
95437,Fort Bragg,Mendocino,Northern CA,502,490,2.4,up,41.0,up
91103,Pasadena,Los Angeles,Southern CA,500,495,1.0,up,40.1,up
92322,Cedarpines Park,San Bernardino,SB Mountains,496,498,-0.4,flat,7.5,up
92339,Forest Falls,San Bernardino,SB Mountains,491,489,0.4,flat,10.1,up
92692,Mission Viejo,Orange,Southern CA,490,466,5.2,up,162.1,up
92505,Riverside,Riverside,Southern CA,485,489,-0.8,down,80.0,up
92551,Moreno Valley,Riverside,Southern CA,485,467,3.9,up,89.1,up
92860,Norco,Riverside,Southern CA,485,452,7.3,up,98.5,up
93306,Bakersfield,Kern,Southern CA,485,481,0.8,up,86.7,up
92591,Temecula,Riverside,Southern CA,484,474,2.1,up,169.3,up
92359,Mentone,San Bernardino,SB Mountains,482,460,4.8,up,32.5,up
94965,Sausalito,Marin,Northern CA,482,481,0.2,flat,34.1,up
91711,Claremont,Los Angeles,Southern CA,472,431,9.5,up,62.9,up
91791,West Covina,Los Angeles,Southern CA,472,435,8.5,up,85.4,up
93908,Salinas,Monterey,Northern CA,472,470,0.4,flat,13.3,up
92003,Bonsall,San Diego,Southern CA,469,465,0.9,up,64.0,up
90706,Bellflower,Los Angeles,Southern CA,468,473,-1.1,down,76.0,up
91737,Rancho Cucamonga,San Bernardino,SB Mountains,465,440,5.7,up,70.6,up
92374,Redlands,San Bernardino,Southern CA,464,444,4.5,up,75.5,up
92683,Westminster,Orange,Southern CA,464,443,4.7,up,138.5,up
95467,Hidden Valley Lake,Lake,Northern CA,462,453,2.0,up,42.0,up
92394,Victorville,San Bernardino,Southern CA,458,426,7.5,up,77.6,up
96019,Shasta Lake,Shasta,Northern CA,458,452,1.3,up,30.9,up
91733,South El Monte,Los Angeles,Southern CA,456,457,-0.2,flat,60.2,up
96080,Red Bluff,Tehama,Northern CA,456,474,-3.8,down,17.7,up
96094,Weed,Siskiyou,Northern CA,455,447,1.8,up,37.9,up
91202,Glendale,Los Angeles,Southern CA,454,445,2.0,up,63.2,up
92252,Joshua Tree,San Bernardino,Southern CA,454,416,9.1,up,83.2,up
95942,Forest Ranch,Butte,Northern CA,454,468,-3.0,down,7.7,up
91010,Duarte,Los Angeles,Southern CA,453,426,6.3,up,42.3,up
90723,Paramount,Los Angeles,Southern CA,452,453,-0.2,flat,35.8,up
91913,Chula Vista,San Diego,Southern CA,451,434,3.9,up,181.3,up
93552,Palmdale,Los Angeles,Southern CA,451,432,4.4,up,70.0,up
92590,Temecula,Riverside,Southern CA,450,468,-3.8,down,10.8,up
95640,Ione,Amador,Northern CA,450,444,1.4,up,54.6,up
93257,Porterville,Tulare,Northern CA,448,453,-1.1,down,101.0,up
90007,Los Angeles,Los Angeles,Southern CA,445,454,-2.0,down,20.0,up
91207,Glendale,Los Angeles,Southern CA,443,434,2.1,up,49.1,up
92561,Mountain Center,Riverside,Southern CA,442,432,2.3,up,18.6,up
91605,North Hollywood,Los Angeles,Southern CA,440,449,-2.0,down,39.9,up
92821,Brea,Orange,Southern CA,440,425,3.5,up,84.8,up
90039,Los Angeles,Los Angeles,Southern CA,438,444,-1.4,down,30.8,up
93940,Monterey,Monterey,Northern CA,438,435,0.7,up,35.3,up
95472,Sebastopol,Sonoma,Northern CA,437,428,2.1,up,28.1,up
94707,Berkeley,Alameda,Northern CA,436,416,4.8,up,69.4,up
92240,Desert Hot Springs,Riverside,Southern CA,434,424,2.4,up,94.8,up
93003,Ventura,Ventura,Southern CA,434,419,3.6,up,67.6,up
91501,Burbank,Los Angeles,Southern CA,433,428,1.2,up,55.7,up
91916,Descanso,San Diego,Southern CA,430,423,1.7,up,9.6,up
90250,Hawthorne,Los Angeles,Southern CA,429,431,-0.5,flat,32.9,up
90270,Maywood,Los Angeles,Southern CA,429,426,0.7,up,29.2,up
92630,Lake Forest,Orange,Southern CA,429,426,0.7,up,79.1,up
95426,Cobb,Lake,Northern CA,428,423,1.2,up,11.0,up
93675,Yokuts,Fresno,Northern CA,427,419,1.9,up,18.1,up
91104,Pasadena,Los Angeles,Southern CA,426,432,-1.4,down,56.0,up
94530,El Cerrito,Contra Costa,Northern CA,425,413,2.9,up,79.7,up
91752,Mira Loma,Riverside,Southern CA,423,411,2.9,up,90.5,up
95249,San Andreas,Calaveras,Northern CA,423,429,-1.4,down,16.1,up
95255,West Point,Calaveras,Northern CA,421,433,-2.8,down,3.1,up
94619,Oakland,Alameda,Northern CA,420,414,1.4,up,63.4,up
90004,Los Angeles,Los Angeles,Southern CA,419,425,-1.4,down,23.0,up
91978,Spring Valley,San Diego,Southern CA,419,409,2.4,up,54.7,up
90275,Rancho Palos Verdes,Los Angeles,Southern CA,418,402,4.0,up,131.8,up
90744,Wilmington,Los Angeles,Southern CA,418,409,2.2,up,12.9,up
95020,Gilroy,Santa Clara,Northern CA,417,404,3.2,up,67.4,up
92037,La Jolla,San Diego,Southern CA,416,409,1.7,up,87.1,up
92316,Bloomington,San Bernardino,Southern CA,415,400,3.8,up,59.2,up
95425,Cloverdale,Sonoma,Northern CA,415,400,3.8,up,38.9,up
95372,Soulsbyville,Tuolumne,Northern CA,414,413,0.2,flat,12.1,up
90041,Los Angeles,Los Angeles,Southern CA,412,424,-2.8,down,52.4,up
95975,Rough And Ready,Nevada,Northern CA,410,407,0.7,up,15.9,up
94010,Burlingame,San Mateo,Northern CA,409,390,4.9,up,82.6,up
91761,Ontario,San Bernardino,Southern CA,408,397,2.8,up,80.7,up
94044,Pacifica,San Mateo,Northern CA,406,403,0.7,up,67.9,up
94534,Fairfield,Solano,Northern CA,405,403,0.5,flat,72.8,up
92603,Irvine,Orange,Southern CA,404,387,4.4,up,116.1,up
93117,Goleta,Santa Barbara,Southern CA,404,404,0.0,flat,37.6,up
93401,San Luis Obispo,San Luis Obispo,Southern CA,404,428,-5.6,down,79.6,up
95310,Columbia,Tuolumne,Northern CA,404,397,1.8,up,7.2,up
92582,San Jacinto,Riverside,Southern CA,403,371,8.6,up,106.4,up
95423,Clearlake Oaks,Lake,Northern CA,403,389,3.6,up,21.1,up
91402,Panorama City,Los Angeles,Southern CA,402,387,3.9,up,29.5,up
90813,Long Beach,Los Angeles,Southern CA,399,387,3.1,up,49.6,up
93205,Bodfish,Kern,Southern CA,399,409,-2.4,down,12.0,up
91915,Chula Vista,San Diego,Southern CA,396,385,2.9,up,133.3,up
95689,Volcano,Amador,Northern CA,395,391,1.0,up,6.0,up
95311,Coulterville,Mariposa,Northern CA,392,388,1.0,up,4.8,up
92058,Oceanside,San Diego,Southern CA,391,384,1.8,up,101.8,up
95329,La Grange,Tuolumne,Northern CA,391,402,-2.7,down,26.3,up
93436,Lompoc,Santa Barbara,Southern CA,387,376,2.9,up,37.7,up
94583,San Ramon,Contra Costa,Northern CA,386,374,3.2,up,93.4,up
92086,Warner Springs,San Diego,Southern CA,385,381,1.0,up,8.8,up
93426,Bradley,Monterey,Northern CA,385,392,-1.8,down,9.8,up
95703,Applegate,Placer,Northern CA,384,383,0.3,flat,13.3,up
94022,Los Altos,Santa Clara,Northern CA,383,378,1.3,up,51.9,up
95245,Mokelumne Hill,Calaveras,Northern CA,382,383,-0.3,flat,6.9,up
91784,Upland,San Bernardino,SB Mountains,381,370,3.0,up,64.4,up
95436,Forestville,Sonoma,Northern CA,378,363,4.1,up,30.0,up
91768,Pomona,Los Angeles,Southern CA,377,361,4.4,up,79.8,up
93111,Santa Barbara,Santa Barbara,Southern CA,377,366,3.0,up,64.8,up
93110,Santa Barbara,Santa Barbara,Southern CA,375,353,6.2,up,82.8,up
91801,Alhambra,Los Angeles,Southern CA,374,375,-0.3,flat,73.7,up
92056,Oceanside,San Diego,Southern CA,373,384,-2.9,down,108.6,up
93308,Bakersfield,Kern,Southern CA,373,362,3.0,up,37.1,up
96025,Dunsmuir,Siskiyou,Northern CA,372,358,3.9,up,21.3,up
91762,Ontario,San Bernardino,Southern CA,370,355,4.2,up,80.9,up
94028,Portola Valley,San Mateo,Northern CA,370,354,4.5,up,47.1,up
91767,Pomona,Los Angeles,Southern CA,369,365,1.1,up,37.8,up
91343,North Hills,Los Angeles,Southern CA,368,360,2.2,up,41.5,up
94602,Oakland,Alameda,Northern CA,368,337,9.2,up,81.3,up
95442,Glen Ellen,Sonoma,Northern CA,368,373,-1.3,down,56.6,up
96020,Chester,Plumas,Northern CA,368,369,-0.3,flat,25.1,up
90304,Inglewood,Los Angeles,Southern CA,364,353,3.1,up,21.5,up
93534,Lancaster,Los Angeles,Southern CA,364,360,1.1,up,115.5,up
93428,Cambria,San Luis Obispo,Southern CA,363,351,3.4,up,36.4,up
95445,Gualala,Mendocino,Northern CA,361,358,0.8,up,13.2,up
93015,Fillmore,Ventura,Southern CA,360,341,5.6,up,54.9,up
93304,Bakersfield,Kern,Southern CA,359,355,1.1,up,48.1,up
92411,San Bernardino,San Bernardino,Southern CA,358,349,2.6,up,29.8,up
91710,Chino,San Bernardino,Southern CA,350,351,-0.3,flat,93.9,up
91105,Pasadena,Los Angeles,Southern CA,348,345,0.9,up,35.8,up
90731,San Pedro,Los Angeles,Southern CA,346,342,1.2,up,31.7,up
92277,Twentynine Palms,San Bernardino,Southern CA,345,329,4.9,up,81.9,up
93405,San Luis Obispo,San Luis Obispo,Southern CA,345,363,-5.0,down,69.6,up
93555,Ridgecrest,Kern,Southern CA,345,330,4.5,up,112.0,up
90704,Avalon,Los Angeles,Southern CA,344,338,1.8,up,19.8,up
94546,Castro Valley,Alameda,Northern CA,344,332,3.6,up,124.0,up
95246,Mountain Ranch,Calaveras,Northern CA,343,344,-0.3,flat,8.3,up
91606,North Hollywood,Los Angeles,Southern CA,341,339,0.6,up,42.6,up
92115,San Diego,San Diego,Southern CA,341,344,-0.9,down,108.5,up
93022,Oak View,Ventura,Southern CA,340,337,0.9,up,50.7,up
95669,Plymouth,Amador,Northern CA,338,337,0.3,flat,16.3,up
90605,Whittier,Los Angeles,Southern CA,337,339,-0.6,down,37.9,up
92377,Rialto,San Bernardino,Southern CA,337,309,9.1,up,87.8,up
91701,Rancho Cucamonga,San Bernardino,Southern CA,336,332,1.2,up,70.5,up
93013,Carpinteria,Santa Barbara,Southern CA,335,349,-4.0,down,43.9,up
93601,Ahwahnee,Madera,Northern CA,335,339,-1.2,down,6.2,up
95120,San Jose,Santa Clara,Northern CA,335,332,0.9,up,70.4,up
92620,Irvine,Orange,Southern CA,334,318,5.0,up,94.3,up
94901,San Rafael,Marin,Northern CA,334,320,4.4,up,67.7,up
93305,Bakersfield,Kern,Southern CA,333,333,0.0,flat,50.5,up
92117,San Diego,San Diego,Southern CA,331,330,0.3,flat,118.8,up
93543,Littlerock,Los Angeles,Southern CA,330,316,4.4,up,55.2,up
95497,The Sea Ranch,Sonoma,Northern CA,330,316,4.4,up,33.0,up
91306,Winnetka,Los Angeles,Southern CA,327,327,0.0,flat,46.9,up
91746,La Puente,Los Angeles,Southern CA,325,331,-1.8,down,30.0,up
92113,San Diego,San Diego,Southern CA,325,327,-0.6,down,32.4,up
92262,Palm Springs,Riverside,Southern CA,325,314,3.5,up,167.0,up
92313,Grand Terrace,San Bernardino,Southern CA,325,303,7.3,up,100.0,up
95389,Yosemite National Park,Mariposa,Northern CA,321,319,0.6,up,7.7,up
90303,Inglewood,Los Angeles,Southern CA,319,318,0.3,flat,28.2,up
94930,Fairfax,Marin,Northern CA,317,298,6.4,up,57.0,up
95519,Mckinleyville,Humboldt,Northern CA,315,295,6.8,up,58.6,up
94508,Angwin,Napa,Northern CA,313,327,-4.3,down,16.5,up
90301,Inglewood,Los Angeles,Southern CA,312,299,4.3,up,18.0,up
95664,Pilot Hill,El Dorado,Northern CA,311,307,1.3,up,9.1,up
90602,Whittier,Los Angeles,Southern CA,310,298,4.0,up,58.8,up
91030,South Pasadena,Los Angeles,Southern CA,309,306,1.0,up,54.0,up
93238,Kernville,Kern,Southern CA,309,304,1.6,up,26.5,up
94601,Oakland,Alameda,Northern CA,307,308,-0.3,flat,54.8,up
91406,Van Nuys,Los Angeles,Southern CA,306,303,1.0,up,49.5,up
91776,San Gabriel,Los Angeles,Southern CA,306,309,-1.0,down,75.0,up
95470,Redwood Valley,Mendocino,Northern CA,304,289,5.2,up,24.8,up
92234,Cathedral City,Riverside,Southern CA,301,307,-2.0,down,121.2,up
92116,San Diego,San Diego,Southern CA,300,308,-2.6,down,57.7,up
94112,San Francisco,San Francisco,Northern CA,300,291,3.1,up,50.3,up
94565,Pittsburg,Contra Costa,Northern CA,300,304,-1.3,down,113.6,up
95630,Folsom,Sacramento,Northern CA,300,313,-4.2,down,107.0,up
92602,Irvine,Orange,Southern CA,298,290,2.8,up,119.0,up
95635,Greenwood,El Dorado,Northern CA,297,300,-1.0,down,13.6,up
96002,Redding,Shasta,Northern CA,297,292,1.7,up,45.5,up
90746,Carson,Los Angeles,Southern CA,295,290,1.7,up,41.6,up
91355,Valencia,Los Angeles,Southern CA,295,287,2.8,up,140.2,up
94937,Inverness,Marin,Northern CA,295,293,0.7,up,13.0,up
95521,Arcata,Humboldt,Northern CA,295,279,5.7,up,80.7,up
94566,Pleasanton,Alameda,Northern CA,293,300,-2.3,down,61.4,up
95648,Lincoln,Placer,Northern CA,293,289,1.4,up,65.8,up
92305,Angelus Oaks,San Bernardino,SB Mountains,292,295,-1.0,down,5.8,up
95701,Alta,Placer,Northern CA,292,287,1.7,up,9.7,up
90029,Los Angeles,Los Angeles,Southern CA,291,289,0.7,up,23.6,up
90806,Long Beach,Los Angeles,Southern CA,290,297,-2.4,down,29.1,up
94568,Dublin,Alameda,Northern CA,290,283,2.5,up,156.6,up
95032,Los Gatos,Santa Clara,Northern CA,290,300,-3.3,down,54.6,up
91201,Glendale,Los Angeles,Southern CA,289,289,0.0,flat,58.8,up
91910,Chula Vista,San Diego,Southern CA,289,281,2.8,up,102.3,up
93667,Tollhouse,Fresno,Northern CA,289,296,-2.4,down,9.8,up
92114,San Diego,San Diego,Southern CA,288,287,0.3,flat,91.3,up
92260,Palm Desert,Riverside,Southern CA,288,283,1.8,up,125.7,up
94595,Walnut Creek,Contra Costa,Northern CA,288,269,7.1,up,85.2,up
96013,Burney,Shasta,Northern CA,287,272,5.5,up,14.7,up
90274,Palos Verdes Peninsula,Los Angeles,Southern CA,286,276,3.6,up,90.2,up
95458,Lucerne,Lake,Northern CA,284,279,1.8,up,25.5,up
90302,Inglewood,Los Angeles,Southern CA,283,287,-1.4,down,32.9,up
92061,Pauma Valley,San Diego,Southern CA,283,290,-2.4,down,23.1,up
96114,Janesville,Lassen,Northern CA,283,290,-2.4,down,24.0,up
93529,June Lake,Mono,Northern CA,282,280,0.7,up,17.2,up
91724,Covina,Los Angeles,Southern CA,281,279,0.7,up,75.6,up
93010,Camarillo,Ventura,Southern CA,280,281,-0.4,flat,114.3,up
95977,Smartsville,Nevada,Northern CA,280,281,-0.4,flat,8.1,up
95928,Chico,Butte,Northern CA,279,276,1.1,up,35.9,up
93449,Pismo Beach,San Luis Obispo,Southern CA,278,267,4.1,up,96.0,up
90008,Los Angeles,Los Angeles,Southern CA,277,283,-2.1,down,36.5,up
94024,Los Altos,Santa Clara,Northern CA,277,275,0.7,up,62.6,up
96051,Lakehead,Shasta,Northern CA,277,281,-1.4,down,9.2,up
90247,Gardena,Los Angeles,Southern CA,275,279,-1.4,down,43.6,up
94517,Clayton,Contra Costa,Northern CA,275,275,0.0,flat,62.0,up
94947,Novato,Marin,Northern CA,275,257,7.0,up,86.3,up
92321,Cedar Glen,San Bernardino,SB Mountains,273,270,1.1,up,6.5,up
94618,Oakland,Alameda,Northern CA,273,254,7.5,up,84.8,up
90810,Long Beach,Los Angeles,Southern CA,272,270,0.7,up,32.5,up
92869,Orange,Orange,Southern CA,271,265,2.3,up,136.9,up
90745,Carson,Los Angeles,Southern CA,270,274,-1.5,down,39.6,up
91731,El Monte,Los Angeles,Southern CA,270,267,1.1,up,34.9,up
95962,Oregon House,Yuba,Northern CA,270,261,3.4,up,8.6,up
92103,San Diego,San Diego,Southern CA,269,279,-3.6,down,100.8,up
95403,Santa Rosa,Sonoma,Northern CA,269,287,-6.3,down,66.1,up
96021,Corning,Tehama,Northern CA,269,274,-1.8,down,18.2,up
90242,Downey,Los Angeles,Southern CA,268,274,-2.2,down,58.1,up
92111,San Diego,San Diego,Southern CA,268,257,4.3,up,85.8,up
90606,Whittier,Los Angeles,Southern CA,267,274,-2.6,down,35.4,up
92256,Morongo Valley,San Bernardino,Southern CA,266,242,9.9,up,53.6,up
95901,Marysville,Yuba,Northern CA,266,271,-1.8,down,28.1,up
96093,Weaverville,Trinity,Northern CA,266,246,8.1,up,34.6,up
91764,Ontario,San Bernardino,Southern CA,264,257,2.7,up,59.4,up
92311,Barstow,San Bernardino,Southern CA,262,261,0.4,flat,81.7,up
95919,Brownsville,Yuba,Northern CA,261,257,1.6,up,-0.4,flat
94952,Petaluma,Sonoma,Northern CA,260,254,2.4,up,85.6,up
92020,El Cajon,San Diego,Southern CA,259,265,-2.3,down,121.9,up
91007,Arcadia,Los Angeles,Southern CA,258,251,2.8,up,81.9,up
93455,Santa Maria,Santa Barbara,Southern CA,258,257,0.4,flat,101.7,up
95462,Monte Rio,Sonoma,Northern CA,258,254,1.6,up,17.8,up
94960,San Anselmo,Marin,Northern CA,257,243,5.8,up,57.5,up
91790,West Covina,Los Angeles,Southern CA,255,255,0.0,flat,37.4,up
92054,Oceanside,San Diego,Southern CA,254,254,0.0,flat,139.6,up
95421,Cazadero,Sonoma,Northern CA,254,257,-1.2,down,5.4,up
91405,Van Nuys,Los Angeles,Southern CA,252,252,0.0,flat,32.7,up
91911,Chula Vista,San Diego,Southern CA,250,261,-4.2,down,139.6,up
92102,San Diego,San Diego,Southern CA,250,262,-4.6,down,34.6,up
96091,Trinity Center,Trinity,Northern CA,250,250,0.0,flat,13.8,up
95023,Hollister,San Benito,Northern CA,249,247,0.8,up,114.1,up
92705,Santa Ana,Orange,Southern CA,245,253,-3.2,down,87.8,up
94551,Livermore,Alameda,Northern CA,245,252,-2.8,down,88.2,up
92704,Santa Ana,Orange,Southern CA,243,238,2.1,up,48.5,up
92253,La Quinta,Riverside,Southern CA,242,242,0.0,flat,200.0,up
92867,Orange,Orange,Southern CA,242,233,3.9,up,82.5,up
91325,Northridge,Los Angeles,Southern CA,241,241,0.0,flat,53.0,up
94945,Novato,Marin,Northern CA,241,236,2.1,up,89.1,up
92225,Blythe,Riverside,Southern CA,240,249,-3.6,down,104.6,up
93283,Weldon,Kern,Southern CA,240,244,-1.6,down,8.0,up
91803,Alhambra,Los Angeles,Southern CA,239,237,0.8,up,44.1,up
94903,San Rafael,Marin,Northern CA,239,239,0.0,flat,77.4,up
95573,Willow Creek,Humboldt,Northern CA,237,240,-1.2,down,11.0,up
95688,Vacaville,Solano,Northern CA,237,227,4.4,up,82.4,up
94542,Hayward,Alameda,Northern CA,236,228,3.5,up,64.8,up
91780,Temple City,Los Angeles,Southern CA,235,226,4.0,up,45.8,up
92011,Carlsbad,San Diego,Southern CA,235,244,-3.7,down,148.4,up
93260,Posey,Tulare,Northern CA,234,233,0.4,flat,5.5,up
95127,San Jose,Santa Clara,Northern CA,232,236,-1.7,down,78.1,up
95629,Fiddletown,Amador,Northern CA,232,230,0.9,up,11.5,up
94501,Alameda,Alameda,Northern CA,229,207,10.6,up,86.5,up
95540,Fortuna,Humboldt,Northern CA,229,210,9.0,up,89.5,up
95014,Cupertino,Santa Clara,Northern CA,227,223,1.8,up,79.0,up
94110,San Francisco,San Francisco,Northern CA,226,225,0.4,flat,81.5,up
94606,Oakland,Alameda,Northern CA,226,218,3.7,up,80.0,up
92014,Del Mar,San Diego,Southern CA,225,228,-1.3,down,85.2,up
94588,Pleasanton,Alameda,Northern CA,224,233,-3.9,down,69.2,up
92010,Carlsbad,San Diego,Southern CA,223,222,0.5,flat,118.8,up
92241,Desert Hot Springs,Riverside,Southern CA,223,223,0.0,flat,79.0,up
91401,Van Nuys,Los Angeles,Southern CA,222,227,-2.2,down,42.6,up
91905,Boulevard,San Diego,Southern CA,222,224,-0.9,down,10.4,up
95542,Garberville,Humboldt,Northern CA,222,219,1.4,up,-0.9,down
94806,San Pablo,Contra Costa,Northern CA,219,212,3.3,up,60.0,up
92358,Lytle Creek,San Bernardino,SB Mountains,218,220,-0.9,down,6.1,up
93626,Friant,Fresno,Northern CA,216,214,0.9,up,36.2,up
95464,Nice,Lake,Northern CA,216,206,4.9,up,22.0,up
95973,Chico,Butte,Northern CA,216,228,-5.3,down,6.7,up
92243,El Centro,Imperial,Southern CA,215,218,-1.4,down,56.7,up
91205,Glendale,Los Angeles,Southern CA,214,205,4.4,up,77.1,up
91754,Monterey Park,Los Angeles,Southern CA,214,209,2.4,up,82.4,up
92703,Santa Ana,Orange,Southern CA,214,219,-2.3,down,71.5,up
96057,Mccloud,Siskiyou,Northern CA,214,193,10.9,up,21.2,up
93514,Bishop,Inyo,Northern CA,213,222,-4.1,down,60.8,up
93560,Rosamond,Kern,Southern CA,213,207,2.9,up,81.4,up
91792,West Covina,Los Angeles,Southern CA,211,207,1.9,up,66.7,up
94014,Daly City,San Mateo,Northern CA,211,205,2.9,up,106.2,up
94541,Hayward,Alameda,Northern CA,209,196,6.6,up,67.0,up
94949,Novato,Marin,Northern CA,209,196,6.6,up,74.3,up
93101,Santa Barbara,Santa Barbara,Southern CA,208,202,3.0,up,92.6,up
93518,Caliente,Kern,Southern CA,208,210,-1.0,down,-2.8,down
95918,Browns Valley,Yuba,Northern CA,208,224,-7.1,down,25.3,up
91941,La Mesa,San Diego,Southern CA,207,198,4.5,up,121.6,up
90241,Downey,Los Angeles,Southern CA,206,208,-1.0,down,55.8,up
90802,Long Beach,Los Angeles,Southern CA,206,200,3.0,up,109.9,up
96032,Fort Jones,Siskiyou,Northern CA,206,197,4.6,up,30.2,up
96120,Markleeville,Alpine,Northern CA,203,205,-1.0,down,12.8,up
91902,Bonita,San Diego,Southern CA,202,198,2.0,up,176.5,up
92231,Calexico,Imperial,Southern CA,202,205,-1.5,down,47.6,up
92270,Rancho Mirage,Riverside,Southern CA,202,198,2.0,up,126.6,up
93505,California City,Kern,Southern CA,201,191,5.2,up,77.8,up
94066,San Bruno,San Mateo,Northern CA,200,189,5.8,up,116.2,up
90260,Lawndale,Los Angeles,Southern CA,199,203,-2.0,down,45.0,up
92285,Landers,San Bernardino,Southern CA,199,188,5.9,up,79.3,up
93460,Santa Ynez,Santa Barbara,Southern CA,199,198,0.5,up,25.5,up
93953,Pebble Beach,Monterey,Northern CA,199,192,3.6,up,38.5,up
94621,Oakland,Alameda,Northern CA,199,200,-0.5,flat,37.6,up
96052,Lewiston,Trinity,Northern CA,199,206,-3.4,down,6.7,up
94509,Antioch,Contra Costa,Northern CA,198,197,0.5,up,135.9,up
90040,Los Angeles,Los Angeles,Southern CA,197,199,-1.0,down,22.3,up
94805,Richmond,Contra Costa,Northern CA,194,179,8.4,up,62.6,up
92823,Brea,Orange,Southern CA,193,191,1.0,up,49.1,up
92081,Vista,San Diego,Southern CA,192,193,-0.5,down,123.5,up
92501,Riverside,Riverside,Southern CA,192,187,2.7,up,152.9,up
92122,San Diego,San Diego,Southern CA,191,204,-6.4,down,119.8,up
94608,Emeryville,Alameda,Northern CA,191,188,1.6,up,76.1,up
91740,Glendora,Los Angeles,Southern CA,190,193,-1.6,down,61.6,up
92091,Rancho Santa Fe,San Diego,Southern CA,190,197,-3.6,down,132.2,up
92378,Rimforest,San Bernardino,SB Mountains,190,189,0.5,up,-1.1,down
95460,Mendocino,Mendocino,Northern CA,190,177,7.3,up,33.9,up
90638,La Mirada,Los Angeles,Southern CA,189,186,1.6,up,56.0,up
94019,Half Moon Bay,San Mateo,Northern CA,189,188,0.5,up,52.1,up
91708,Chino,San Bernardino,Southern CA,188,172,9.3,up,245.5,up
92356,Lucerne Valley,San Bernardino,Southern CA,188,189,-0.5,down,56.9,up
93453,Santa Margarita,San Luis Obispo,Southern CA,188,195,-3.6,down,18.4,up
93465,Templeton,San Luis Obispo,Southern CA,188,191,-1.6,down,62.2,up
91601,North Hollywood,Los Angeles,Southern CA,187,190,-1.6,down,38.2,up
91345,Mission Hills,Los Angeles,Southern CA,186,194,-4.1,down,30.2,up
93243,Lebec,Kern,Southern CA,185,182,1.6,up,16.7,up
94804,Richmond,Contra Costa,Northern CA,185,188,-1.6,down,70.3,up
90240,Downey,Los Angeles,Southern CA,184,186,-1.1,down,39.8,up
92637,Laguna Woods,Orange,Southern CA,184,171,7.6,up,148.1,up
95111,San Jose,Santa Clara,Northern CA,183,175,4.6,up,126.0,up
90291,Venice,Los Angeles,Southern CA,182,181,0.6,up,34.0,up
92230,Cabazon,Riverside,Southern CA,182,163,11.7,up,32.0,up
92707,Santa Ana,Orange,Southern CA,182,181,0.6,up,56.5,up
94904,Greenbrae,Marin,Northern CA,180,179,0.6,up,76.7,up
91722,Covina,Los Angeles,Southern CA,179,173,3.5,up,23.1,up
93033,Oxnard,Ventura,Southern CA,179,177,1.1,up,78.1,up
93309,Bakersfield,Kern,Southern CA,177,177,0.0,flat,69.7,up
94577,San Leandro,Alameda,Northern CA,177,175,1.1,up,97.6,up
92804,Anaheim,Orange,Southern CA,176,176,0.0,flat,125.6,up
92833,Fullerton,Orange,Southern CA,176,177,-0.6,down,98.8,up
94513,Brentwood,Contra Costa,Northern CA,176,175,0.6,up,120.0,up
95364,Pinecrest,Alpine,Northern CA,176,173,1.7,up,10.5,up
93930,King City,Monterey,Northern CA,175,206,-15.0,down,54.3,up
95501,Eureka,Humboldt,Northern CA,175,158,10.8,up,146.0,up
90501,Torrance,Los Angeles,Southern CA,174,176,-1.1,down,48.7,up
92408,San Bernardino,San Bernardino,Southern CA,174,168,3.6,up,54.1,up
93207,California Hot Springs,Tulare,Northern CA,174,165,5.5,up,0.6,up
93424,Avila Beach,San Luis Obispo,Southern CA,174,162,7.4,up,42.2,up
94070,San Carlos,San Mateo,Northern CA,174,168,3.6,up,79.3,up
94591,Vallejo,Solano,Northern CA,173,168,3.0,up,97.2,up
95570,Trinidad,Humboldt,Northern CA,173,159,8.8,up,51.1,up
95589,Whitethorn,Humboldt,Northern CA,173,170,1.8,up,16.7,up
93651,Prather,Fresno,Northern CA,172,178,-3.4,down,16.8,up
95935,Dobbins,Yuba,Northern CA,172,172,0.0,flat,4.2,up
90804,Long Beach,Los Angeles,Southern CA,171,164,4.3,up,31.7,up
92201,Indio,Riverside,Southern CA,171,176,-2.8,down,122.4,up
93268,Taft,Kern,Southern CA,169,171,-1.2,down,85.2,up
90402,Santa Monica,Los Angeles,Southern CA,168,161,4.3,up,82.0,up
95485,Upper Lake,Lake,Northern CA,168,174,-3.4,down,22.1,up
96101,Alturas,Modoc,Northern CA,168,166,1.2,up,57.0,up
90036,Los Angeles,Los Angeles,Southern CA,167,171,-2.3,down,70.8,up
90305,Inglewood,Los Angeles,Southern CA,167,169,-1.2,down,36.8,up
92104,San Diego,San Diego,Southern CA,166,172,-3.5,down,70.3,up
95251,Vallecito,Calaveras,Northern CA,166,166,0.0,flat,8.7,up
96125,Sierra City,Sierra,Northern CA,166,164,1.2,up,13.3,up
91755,Monterey Park,Los Angeles,Southern CA,165,160,3.1,up,72.1,up
95205,Stockton,San Joaquin,Northern CA,165,160,3.1,up,20.3,up
92691,Mission Viejo,Orange,Southern CA,164,172,-4.7,down,139.1,up
91786,Upland,San Bernardino,Southern CA,163,170,-4.1,down,68.6,up
93203,Arvin,Kern,Southern CA,163,169,-3.6,down,122.1,up
93402,Los Osos,San Luis Obispo,Southern CA,163,159,2.5,up,74.4,up
96064,Montague,Siskiyou,Northern CA,163,157,3.8,up,33.3,up
94544,Hayward,Alameda,Northern CA,162,157,3.2,up,121.4,up
95007,Brookdale,Santa Cruz,Northern CA,162,156,3.8,up,35.8,up
95257,Wilseyville,Calaveras,Northern CA,162,161,0.6,up,-0.6,down
91324,Northridge,Los Angeles,Southern CA,161,166,-3.0,down,70.3,up
92385,Skyforest,San Bernardino,SB Mountains,160,157,1.9,up,27.4,up
94523,Pleasant Hill,Contra Costa,Northern CA,160,164,-2.4,down,73.9,up
94531,Antioch,Contra Costa,Northern CA,160,153,4.6,up,138.2,up
94564,Pinole,Contra Costa,Northern CA,160,155,3.2,up,98.6,up
95454,Laytonville,Mendocino,Northern CA,160,149,7.4,up,3.5,up
95720,Kyburz,El Dorado,Northern CA,160,156,2.6,up,6.8,up
90048,Los Angeles,Los Angeles,Southern CA,159,153,3.9,up,54.5,up
92660,Newport Beach,Orange,Southern CA,159,159,0.0,flat,101.4,up
92653,Laguna Hills,Orange,Southern CA,158,156,1.3,up,65.0,up
93444,Nipomo,San Luis Obispo,Southern CA,158,158,0.0,flat,97.2,up
90604,Whittier,Los Angeles,Southern CA,157,152,3.3,up,42.2,up
94603,Oakland,Alameda,Northern CA,157,149,5.4,up,84.4,up
95469,Potter Valley,Mendocino,Northern CA,157,154,1.9,up,0.6,up
93634,Lakeshore,Fresno,Northern CA,155,149,4.0,up,13.7,up
94704,Berkeley,Alameda,Northern CA,155,146,6.2,up,98.5,up
90024,Los Angeles,Los Angeles,Southern CA,153,160,-4.4,down,113.8,up
96008,Bella Vista,Shasta,Northern CA,153,148,3.4,up,5.3,up
94122,San Francisco,San Francisco,Northern CA,152,141,7.8,up,59.3,up
90038,Los Angeles,Los Angeles,Southern CA,151,145,4.1,up,25.4,up
91730,Rancho Cucamonga,San Bernardino,Southern CA,151,155,-2.6,down,85.1,up
94610,Oakland,Alameda,Northern CA,151,139,8.6,up,146.6,up
95004,Aromas,Monterey,Northern CA,151,146,3.4,up,36.3,up
95345,Midpines,Mariposa,Northern CA,151,152,-0.7,down,4.0,up
96073,Palo Cedro,Shasta,Northern CA,151,143,5.6,up,22.0,up
95441,Geyserville,Sonoma,Northern CA,150,146,2.7,up,13.6,up
94925,Corte Madera,Marin,Northern CA,149,149,0.0,flat,60.0,up
95452,Kenwood,Sonoma,Northern CA,149,155,-3.9,down,103.9,up
91106,Pasadena,Los Angeles,Southern CA,148,141,5.0,up,58.0,up
95405,Santa Rosa,Sonoma,Northern CA,148,142,4.2,up,89.6,up
95563,Salyer,Trinity,Northern CA,148,156,-5.1,down,5.9,up
90710,Harbor City,Los Angeles,Southern CA,147,147,0.0,flat,51.0,up
91759,Mount Baldy,San Bernardino,SB Mountains,147,150,-2.0,down,11.6,up
92008,Carlsbad,San Diego,Southern CA,147,144,2.1,up,77.2,up
95663,Penryn,Placer,Northern CA,147,140,5.0,up,57.0,up
92121,San Diego,San Diego,Southern CA,146,138,5.8,up,109.8,up
95206,Stockton,San Joaquin,Northern CA,146,145,0.7,up,28.7,up
95456,Little River,Mendocino,Northern CA,146,147,-0.7,down,9.2,up
95636,Grizzly Flats,El Dorado,Northern CA,146,145,0.7,up,11.9,up
93463,Solvang,Santa Barbara,Southern CA,144,145,-0.7,down,45.4,up
94567,Pope Valley,Napa,Northern CA,144,145,-0.7,down,4.9,up
96106,Clio,Plumas,Northern CA,144,139,3.6,up,16.2,up
91505,Burbank,Los Angeles,Southern CA,143,151,-5.3,down,55.8,up
92629,Dana Point,Orange,Southern CA,143,142,0.7,up,152.9,up
94582,San Ramon,Contra Costa,Northern CA,143,140,2.1,up,195.6,up
93628,Hume,Fresno,Northern CA,142,142,0.0,flat,20.7,up
92276,Thousand Palms,Riverside,Southern CA,141,143,-1.4,down,217.8,up
92782,Tustin,Orange,Southern CA,141,132,6.8,up,72.1,up
94002,Belmont,San Mateo,Northern CA,141,130,8.5,up,92.7,up
90005,Los Angeles,Los Angeles,Southern CA,140,140,0.0,flat,38.3,up
90035,Los Angeles,Los Angeles,Southern CA,140,141,-0.7,down,82.7,up
90703,Cerritos,Los Angeles,Southern CA,140,141,-0.7,down,59.4,up
91008,Duarte,Los Angeles,Southern CA,140,145,-3.4,down,13.8,up
93591,Palmdale,Los Angeles,Southern CA,139,136,2.2,up,104.8,up
94801,Richmond,Contra Costa,Northern CA,139,144,-3.5,down,30.6,up
92070,Santa Ysabel,San Diego,Southern CA,138,137,0.7,up,8.8,up
92317,Blue Jay,San Bernardino,SB Mountains,138,141,-2.1,down,5.9,up
94134,San Francisco,San Francisco,Northern CA,138,135,2.2,up,100.0,up
93702,Fresno,Fresno,Northern CA,137,131,4.6,up,29.5,up
94590,Vallejo,Solano,Northern CA,137,132,3.8,up,69.1,up
92701,Santa Ana,Orange,Southern CA,136,126,7.9,up,34.8,up
90603,Whittier,Los Angeles,Southern CA,135,120,12.5,up,72.1,up
93657,Sanger,Fresno,Northern CA,135,131,3.1,up,56.2,up
94025,Menlo Park,San Mateo,Northern CA,135,132,2.3,up,166.7,up
95148,San Jose,Santa Clara,Northern CA,135,134,0.7,up,76.7,up
96024,Douglas City,Trinity,Northern CA,135,139,-2.9,down,3.5,up
96027,Etna,Siskiyou,Northern CA,135,134,0.7,up,-9.6,down
90034,Los Angeles,Los Angeles,Southern CA,134,140,-4.3,down,52.2,up
91950,National City,San Diego,Southern CA,134,134,0.0,flat,95.4,up
92075,Solana Beach,San Diego,Southern CA,134,129,3.9,up,79.7,up
93066,Somis,Ventura,Southern CA,134,142,-5.6,down,25.7,up
92805,Anaheim,Orange,Southern CA,133,131,1.5,up,68.5,up
93920,Big Sur,Monterey,Northern CA,133,138,-3.6,down,15.8,up
95735,Twin Bridges,El Dorado,Northern CA,133,128,3.9,up,16.8,up
90249,Gardena,Los Angeles,Southern CA,132,132,0.0,flat,27.8,up
93638,Madera,Madera,Northern CA,132,133,-0.8,down,51.1,up
94939,Larkspur,Marin,Northern CA,132,125,5.6,up,33.7,up
96041,Hayfork,Trinity,Northern CA,132,126,4.8,up,7.8,up
92060,Palomar Mountain,San Diego,Southern CA,131,133,-1.5,down,3.9,up
93454,Santa Maria,Santa Barbara,Southern CA,131,138,-5.1,down,36.0,up
94080,South San Francisco,San Mateo,Northern CA,131,129,1.6,up,168.3,up
94703,Berkeley,Alameda,Northern CA,131,131,0.0,flat,61.0,up
91763,Montclair,San Bernardino,Southern CA,128,127,0.8,up,26.3,up
93313,Bakersfield,Kern,Southern CA,128,129,-0.8,down,51.7,up
94609,Oakland,Alameda,Northern CA,128,124,3.2,up,71.4,up
95306,Catheys Valley,Mariposa,Northern CA,126,126,0.0,flat,6.9,up
92282,Whitewater,Riverside,Southern CA,125,125,0.0,flat,49.3,up
94114,San Francisco,San Francisco,Northern CA,125,128,-2.3,down,103.6,up
95651,Lotus,El Dorado,Northern CA,125,130,-3.8,down,13.3,up
95981,Strawberry Valley,Yuba,Northern CA,125,126,-0.8,down,4.0,up
92801,Anaheim,Orange,Southern CA,124,129,-3.9,down,91.2,up
93501,Mojave,Kern,Southern CA,124,115,7.8,up,69.8,up
94020,La Honda,San Mateo,Northern CA,124,124,0.0,flat,19.8,up
95916,Berry Creek,Butte,Northern CA,124,123,0.8,up,15.5,up
91108,San Marino,Los Angeles,Southern CA,123,125,-1.6,down,43.3,up
92123,San Diego,San Diego,Southern CA,123,118,4.2,up,95.1,up
94060,Pescadero,San Mateo,Northern CA,123,114,7.9,up,11.3,up
95112,San Jose,Santa Clara,Northern CA,123,124,-0.8,down,24.4,up
91775,San Gabriel,Los Angeles,Southern CA,122,123,-0.8,down,56.0,up
93517,Bridgeport,Mono,Northern CA,122,117,4.3,up,28.3,up
90066,Los Angeles,Los Angeles,Southern CA,121,126,-4.0,down,47.3,up
92108,San Diego,San Diego,Southern CA,121,114,6.1,up,120.0,up
94117,San Francisco,San Francisco,Northern CA,121,117,3.4,up,127.1,up
94920,Belvedere Tiburon,Marin,Northern CA,121,120,0.8,up,96.0,up
91020,Montrose,Los Angeles,Southern CA,120,125,-4.0,down,54.5,up
92612,Irvine,Orange,Southern CA,120,114,5.3,up,156.8,up
92843,Garden Grove,Orange,Southern CA,120,121,-0.8,down,159.1,up
93669,Wishon,Madera,Northern CA,120,120,0.0,flat,10.1,up
94510,Benicia,Solano,Northern CA,120,123,-2.4,down,126.5,up
94607,Oakland,Alameda,Northern CA,120,123,-2.4,down,50.0,up
95714,Dutch Flat,Placer,Northern CA,120,116,3.4,up,12.0,up
93706,Fresno,Fresno,Northern CA,119,120,-0.8,down,21.4,up
94521,Concord,Contra Costa,Northern CA,119,114,4.4,up,94.6,up
94547,Hercules,Contra Costa,Northern CA,119,120,-0.8,down,94.2,up
92110,San Diego,San Diego,Southern CA,118,117,0.9,up,156.1,up
95560,Redway,Humboldt,Northern CA,118,119,-0.8,down,9.8,up
95960,North San Juan,Nevada,Northern CA,118,120,-1.7,down,8.6,up
93531,Keene,Kern,Southern CA,117,113,3.5,up,4.7,up
94525,Crockett,Contra Costa,Northern CA,117,111,5.4,up,106.2,up
94528,Diablo,Contra Costa,Northern CA,117,119,-1.7,down,123.1,up
92708,Fountain Valley,Orange,Southern CA,116,115,0.9,up,89.1,up
94596,Walnut Creek,Contra Costa,Northern CA,116,110,5.5,up,84.0,up
94923,Bodega Bay,Sonoma,Northern CA,116,113,2.7,up,93.8,up
95492,Windsor,Sonoma,Northern CA,116,117,-0.9,down,77.5,up
93636,Madera,Madera,Northern CA,115,120,-4.2,down,52.7,up
94402,San Mateo,San Mateo,Northern CA,115,112,2.7,up,55.6,up
95465,Occidental,Sonoma,Northern CA,115,105,9.5,up,8.8,up
92363,Needles,San Bernardino,Southern CA,114,110,3.6,up,131.8,up
93004,Ventura,Ventura,Southern CA,114,119,-4.2,down,73.3,up
94116,San Francisco,San Francisco,Northern CA,114,111,2.7,up,79.6,up
94121,San Francisco,San Francisco,Northern CA,114,112,1.8,up,66.7,up
93653,Raymond,Madera,Northern CA,113,112,0.9,up,10.1,up
94597,Walnut Creek,Contra Costa,Northern CA,113,117,-3.4,down,59.4,up
90012,Los Angeles,Los Angeles,Southern CA,111,108,2.8,up,17.2,up
91607,Valley Village,Los Angeles,Southern CA,111,108,2.8,up,84.5,up
94030,Millbrae,San Mateo,Northern CA,111,112,-0.9,down,66.1,up
95554,Myers Flat,Humboldt,Northern CA,111,109,1.8,up,-4.0,down
90405,Santa Monica,Los Angeles,Southern CA,110,115,-4.3,down,80.0,up
90803,Long Beach,Los Angeles,Southern CA,110,111,-0.9,down,58.9,up
92083,Vista,San Diego,Southern CA,110,113,-2.7,down,94.9,up
93442,Morro Bay,San Luis Obispo,Southern CA,110,110,0.0,flat,110.4,up
94539,Fremont,Alameda,Northern CA,110,111,-0.9,down,89.8,up
95035,Milpitas,Santa Clara,Northern CA,109,109,0.0,flat,124.5,up
91303,Canoga Park,Los Angeles,Southern CA,108,115,-6.1,down,25.6,up
94131,San Francisco,San Francisco,Northern CA,108,107,0.9,up,85.5,up
91942,La Mesa,San Diego,Southern CA,107,112,-4.5,down,145.5,up
92870,Placentia,Orange,Southern CA,107,111,-3.6,down,131.2,up
96096,Whitmore,Shasta,Northern CA,107,112,-4.5,down,13.5,up
92203,Indio,Riverside,Southern CA,106,99,7.1,up,116.7,up
92274,Thermal,Riverside,Southern CA,106,104,1.9,up,90.4,up
95543,Gasquet,Del Norte,Northern CA,106,106,0.0,flat,16.5,up
95562,Rio Dell,Humboldt,Northern CA,106,100,6.0,up,94.4,up
90807,Long Beach,Los Angeles,Southern CA,105,103,1.9,up,46.3,up
93312,Bakersfield,Kern,Southern CA,105,97,8.2,up,69.2,up
92841,Garden Grove,Orange,Southern CA,104,100,4.0,up,116.3,up
94536,Fremont,Alameda,Northern CA,104,112,-7.1,down,86.4,up
95947,Greenville,Plumas,Northern CA,104,102,2.0,up,4.3,up
90502,Torrance,Los Angeles,Southern CA,103,109,-5.5,down,75.0,up
91506,Burbank,Los Angeles,Southern CA,103,104,-1.0,down,35.7,up
94533,Fairfield,Solano,Northern CA,103,114,-9.6,down,120.0,up
94709,Berkeley,Alameda,Northern CA,103,100,3.0,up,145.7,up
90230,Culver City,Los Angeles,Southern CA,102,108,-5.6,down,54.3,up
90621,Buena Park,Orange,Southern CA,102,98,4.1,up,66.0,up
92227,Brawley,Imperial,Southern CA,102,98,4.1,up,17.3,up
94118,San Francisco,San Francisco,Northern CA,102,98,4.1,up,67.9,up
96047,Igo,Shasta,Northern CA,102,106,-3.8,down,17.2,up
96069,Oak Run,Shasta,Northern CA,102,104,-1.9,down,14.4,up
92840,Garden Grove,Orange,Southern CA,101,99,2.0,up,113.0,up
93040,Piru,Ventura,Southern CA,101,94,7.4,up,114.7,up
96118,Loyalton,Sierra,Northern CA,101,97,4.1,up,29.9,up
90015,Los Angeles,Los Angeles,Southern CA,100,99,1.0,up,25.6,up
94587,Union City,Alameda,Northern CA,100,104,-3.8,down,94.3,up
91945,Lemon Grove,San Diego,Southern CA,99,98,1.0,up,130.0,up
94598,Walnut Creek,Contra Costa,Northern CA,99,96,3.1,up,110.9,up
95135,San Jose,Santa Clara,Northern CA,99,91,8.8,up,113.9,up
95828,Sacramento,Sacramento,Northern CA,99,103,-3.9,down,107.8,up
96061,Mill Creek,Tehama,Northern CA,99,99,0.0,flat,5.5,up
90701,Artesia,Los Angeles,Southern CA,97,92,5.4,up,17.1,up
90715,Lakewood,Los Angeles,Southern CA,97,95,2.1,up,28.6,up
90716,Hawaiian Gardens,Los Angeles,Southern CA,97,92,5.4,up,19.5,up
92109,San Diego,San Diego,Southern CA,97,98,-1.0,down,46.9,up
92646,Huntington Beach,Orange,Southern CA,97,103,-5.8,down,88.5,up
91723,Covina,Los Angeles,Southern CA,96,95,1.1,up,93.8,up
92210,Indian Wells,Riverside,Southern CA,96,96,0.0,flat,123.5,up
93451,San Miguel,San Luis Obispo,Southern CA,96,95,1.1,up,25.0,up
90266,Manhattan Beach,Los Angeles,Southern CA,95,90,5.6,up,82.4,up
95045,San Juan Bautista,San Benito,Northern CA,95,94,1.1,up,69.8,up
95936,Downieville,Sierra,Northern CA,95,94,1.1,up,10.2,up
91411,Van Nuys,Los Angeles,Southern CA,94,98,-4.1,down,26.5,up
92004,Borrego Springs,San Diego,Southern CA,94,97,-3.1,down,100.0,up
93553,Pearblossom,Los Angeles,Southern CA,94,87,8.0,up,23.9,up
93623,Fish Camp,Mariposa,Northern CA,94,94,0.0,flat,27.4,up
94561,Oakley,Contra Costa,Northern CA,94,91,3.3,up,81.2,up
95215,Stockton,San Joaquin,Northern CA,94,91,3.3,up,55.7,up
95450,Jenner,Sonoma,Northern CA,94,94,0.0,flat,-3.1,down
95930,Clipper Mills,Butte,Northern CA,94,94,0.0,flat,-5.1,down
90680,Stanton,Orange,Southern CA,93,92,1.1,up,178.1,up
92268,Pioneertown,San Bernardino,Southern CA,93,93,0.0,flat,40.7,up
95041,Mount Hermon,Santa Cruz,Northern CA,93,95,-2.1,down,27.4,up
95922,Camptonville,Yuba,Northern CA,93,99,-6.1,down,0.0,flat
96065,Montgomery Creek,Shasta,Northern CA,93,98,-5.1,down,11.6,up
91203,Glendale,Los Angeles,Southern CA,92,88,4.5,up,68.9,up
95466,Philo,Mendocino,Northern CA,92,90,2.2,up,11.1,up
90717,Lomita,Los Angeles,Southern CA,91,92,-1.1,down,46.0,up
91101,Pasadena,Los Angeles,Southern CA,91,89,2.2,up,60.4,up
93527,Inyokern,Kern,Southern CA,91,86,5.8,up,68.0,up
95747,Roseville,Placer,Northern CA,91,87,4.6,up,192.0,up
90278,Redondo Beach,Los Angeles,Southern CA,90,90,0.0,flat,111.6,up
93301,Bakersfield,Kern,Southern CA,90,91,-1.1,down,42.6,up
93311,Bakersfield,Kern,Southern CA,90,83,8.4,up,132.4,up
94702,Berkeley,Alameda,Northern CA,90,86,4.7,up,36.7,up
90211,Beverly Hills,Los Angeles,Southern CA,89,88,1.1,up,70.0,up
93274,Tulare,Tulare,Northern CA,89,88,1.1,up,26.5,up
95415,Boonville,Mendocino,Northern CA,89,88,1.1,up,11.8,up
95677,Rocklin,Placer,Northern CA,89,92,-3.3,down,116.7,up
94586,Sunol,Alameda,Northern CA,88,91,-3.3,down,25.7,up
94954,Petaluma,Sonoma,Northern CA,88,85,3.5,up,43.8,up
90630,Cypress,Orange,Southern CA,87,89,-2.2,down,126.2,up
91602,North Hollywood,Los Angeles,Southern CA,87,89,-2.2,down,65.5,up
95123,San Jose,Santa Clara,Northern CA,87,83,4.8,up,85.0,up
96028,Fall River Mills,Shasta,Northern CA,87,87,0.0,flat,14.5,up
90025,Los Angeles,Los Angeles,Southern CA,86,85,1.2,up,66.7,up
91917,Dulzura,San Diego,Southern CA,86,86,0.0,flat,5.3,up
93427,Buellton,Santa Barbara,Southern CA,86,81,6.2,up,25.8,up
95407,Santa Rosa,Sonoma,Northern CA,86,96,-10.4,down,22.0,up
96124,Calpine,Sierra,Northern CA,86,83,3.6,up,-3.6,down
93109,Santa Barbara,Santa Barbara,Southern CA,85,88,-3.4,down,95.2,up
93230,Hanford,Kings,Northern CA,85,89,-4.5,down,67.7,up
94127,San Francisco,San Francisco,Northern CA,85,83,2.4,up,49.0,up
94550,Livermore,Alameda,Northern CA,85,84,1.2,up,62.0,up
95122,San Jose,Santa Clara,Northern CA,85,86,-1.2,down,93.5,up
90277,Redondo Beach,Los Angeles,Southern CA,84,86,-2.3,down,62.5,up
91963,Potrero,San Diego,Southern CA,84,85,-1.2,down,6.5,up
93035,Oxnard,Ventura,Southern CA,84,81,3.7,up,94.7,up
93291,Visalia,Tulare,Northern CA,84,90,-6.7,down,37.9,up
96059,Manton,Tehama,Northern CA,84,81,3.7,up,,new
92059,Pala,San Diego,Southern CA,83,80,3.8,up,4.8,up
93633,Kings Canyon National Pk,Fresno,Northern CA,83,83,0.0,flat,6.5,up
94124,San Francisco,San Francisco,Northern CA,83,84,-1.2,down,29.0,up
90505,Torrance,Los Angeles,Southern CA,82,83,-1.2,down,102.7,up
91931,Guatay,San Diego,Southern CA,82,84,-2.4,down,9.7,up
92139,San Diego,San Diego,Southern CA,82,80,2.5,up,97.6,up
92242,Earp,San Bernardino,Southern CA,82,89,-7.9,down,158.3,up
92604,Irvine,Orange,Southern CA,82,79,3.8,up,75.0,up
93432,Creston,San Luis Obispo,Southern CA,82,81,1.2,up,18.1,up
95410,Albion,Mendocino,Northern CA,82,82,0.0,flat,8.5,up
90064,Los Angeles,Los Angeles,Southern CA,81,79,2.5,up,50.8,up
92107,San Diego,San Diego,Southern CA,81,81,0.0,flat,36.9,up
93933,Marina,Monterey,Northern CA,81,74,9.5,up,42.0,up
90292,Marina Del Rey,Los Angeles,Southern CA,80,79,1.3,up,175.9,up
90620,Buena Park,Orange,Southern CA,80,83,-3.6,down,74.5,up
90814,Long Beach,Los Angeles,Southern CA,80,75,6.7,up,57.1,up
92211,Palm Desert,Riverside,Southern CA,80,80,0.0,flat,74.4,up
92342,Helendale,San Bernardino,Southern CA,80,76,5.3,up,52.3,up
95132,San Jose,Santa Clara,Northern CA,80,73,9.6,up,115.2,up
95204,Stockton,San Joaquin,Northern CA,80,82,-2.4,down,59.6,up
95914,Bangor,Butte,Northern CA,80,84,-4.8,down,20.8,up
96087,Shasta,Shasta,Northern CA,80,78,2.6,up,38.9,up
93215,Delano,Kern,Southern CA,79,80,-1.2,down,47.1,up
95449,Hopland,Mendocino,Northern CA,79,76,3.9,up,10.9,up
96044,Hornbrook,Siskiyou,Northern CA,79,76,3.9,up,56.5,up
95046,San Martin,Santa Clara,Northern CA,78,84,-7.1,down,65.1,up
95062,Santa Cruz,Santa Cruz,Northern CA,78,83,-6.0,down,121.1,up
95203,Stockton,San Joaquin,Northern CA,78,78,0.0,flat,22.4,up
95361,Oakdale,Stanislaus,Northern CA,78,77,1.3,up,51.1,up
95941,Forbestown,Butte,Northern CA,78,76,2.6,up,8.1,up
96071,Old Station,Shasta,Northern CA,78,71,9.9,up,12.1,up
93067,Summerland,Santa Barbara,Southern CA,77,81,-4.9,down,68.8,up
93544,Llano,Los Angeles,Southern CA,77,78,-1.3,down,23.6,up
96039,Happy Camp,Siskiyou,Northern CA,77,79,-2.5,down,3.8,up
94559,Napa,Napa,Northern CA,76,70,8.6,up,20.0,up
95956,Meadow Valley,Plumas,Northern CA,76,78,-2.6,down,1.4,up
90403,Santa Monica,Los Angeles,Southern CA,75,77,-2.6,down,138.2,up
93727,Fresno,Fresno,Northern CA,75,72,4.2,up,36.0,up
94578,San Leandro,Alameda,Northern CA,75,81,-7.4,down,102.7,up
90732,San Pedro,Los Angeles,Southern CA,74,74,0.0,flat,73.8,up
91204,Glendale,Los Angeles,Southern CA,74,76,-2.6,down,43.1,up
92101,San Diego,San Diego,Southern CA,74,77,-3.9,down,82.9,up
92365,Newberry Springs,San Bernardino,Southern CA,74,69,7.2,up,91.4,up
92648,Huntington Beach,Orange,Southern CA,74,77,-3.9,down,124.3,up
93286,Woodlake,Tulare,Northern CA,74,70,5.7,up,107.7,up
94951,Penngrove,Sonoma,Northern CA,74,77,-3.9,down,35.2,up
95715,Emigrant Gap,Placer,Northern CA,74,73,1.4,up,1.4,up
90712,Lakewood,Los Angeles,Southern CA,73,71,2.8,up,32.1,up
92173,San Ysidro,San Diego,Southern CA,73,75,-2.7,down,172.0,up
92236,Coachella,Riverside,Southern CA,73,69,5.8,up,75.8,up
92627,Costa Mesa,Orange,Southern CA,73,74,-1.4,down,123.5,up
93241,Lamont,Kern,Southern CA,73,63,15.9,up,137.5,up
94706,Albany,Alameda,Northern CA,73,75,-2.7,down,65.2,up
95116,San Jose,Santa Clara,Northern CA,73,77,-5.2,down,61.4,up
95525,Blue Lake,Humboldt,Northern CA,73,69,5.8,up,29.3,up
96063,Mineral,Plumas,Northern CA,73,73,0.0,flat,1.3,up
90057,Los Angeles,Los Angeles,Southern CA,72,75,-4.0,down,23.3,up
93036,Oxnard,Ventura,Southern CA,72,80,-10.0,down,63.8,up
93722,Fresno,Fresno,Northern CA,72,71,1.4,up,26.9,up
93927,Greenfield,Monterey,Northern CA,72,76,-5.3,down,5.6,up
95351,Modesto,Stanislaus,Northern CA,72,74,-2.7,down,86.0,up
90404,Santa Monica,Los Angeles,Southern CA,71,78,-9.0,down,81.0,up
95138,San Jose,Santa Clara,Northern CA,71,78,-9.0,down,87.8,up
96048,Junction City,Trinity,Northern CA,71,66,7.6,up,8.6,up
90045,Los Angeles,Los Angeles,Southern CA,70,79,-11.4,down,102.7,up
92267,Parker Dam,San Bernardino,Southern CA,70,61,14.8,up,127.3,up
93030,Oxnard,Ventura,Southern CA,70,70,0.0,flat,118.2,up
93277,Visalia,Tulare,Northern CA,70,67,4.5,up,83.8,up
93458,Santa Maria,Santa Barbara,Southern CA,70,83,-15.7,down,129.5,up
94027,Atherton,San Mateo,Northern CA,70,72,-2.8,down,56.4,up
95923,Canyon Dam,Plumas,Northern CA,70,68,2.9,up,1.5,up
94061,Redwood City,San Mateo,Northern CA,69,64,7.8,up,87.5,up
95524,Bayside,Humboldt,Northern CA,69,59,16.9,up,31.6,up
95527,Burnt Ranch,Trinity,Northern CA,69,64,7.8,up,0.0,flat
95528,Carlotta,Humboldt,Northern CA,69,65,6.2,up,13.3,up
92007,Cardiff By The Sea,San Diego,Southern CA,68,68,0.0,flat,142.9,up
92625,Corona Del Mar,Orange,Southern CA,68,66,3.0,up,116.7,up
92806,Anaheim,Orange,Southern CA,68,70,-2.9,down,106.5,up
95820,Sacramento,Sacramento,Northern CA,68,63,7.9,up,53.8,up
95822,Sacramento,Sacramento,Northern CA,68,66,3.0,up,47.1,up
92780,Tustin,Orange,Southern CA,67,78,-14.1,down,115.0,up
93640,Mendota,Fresno,Northern CA,67,66,1.5,up,0.0,flat
90020,Los Angeles,Los Angeles,Southern CA,66,66,0.0,flat,57.5,up
90670,Santa Fe Springs,Los Angeles,Southern CA,66,65,1.5,up,40.4,up
94973,Woodacre,Marin,Northern CA,66,65,1.5,up,21.2,up
95724,Norden,Placer,Northern CA,66,71,-7.0,down,21.1,up
96062,Millville,Shasta,Northern CA,66,64,3.1,up,30.8,up
90232,Culver City,Los Angeles,Southern CA,65,62,4.8,up,36.6,up
93637,Madera,Madera,Northern CA,65,64,1.6,up,32.4,up
94123,San Francisco,San Francisco,Northern CA,65,65,0.0,flat,66.7,up
94956,Point Reyes Station,Marin,Northern CA,65,64,1.6,up,37.3,up
95683,Sloughhouse,Sacramento,Northern CA,65,70,-7.1,down,84.4,up
95823,Sacramento,Sacramento,Northern CA,65,68,-4.4,down,89.7,up
96016,Cassel,Shasta,Northern CA,65,68,-4.4,down,-3.2,down
93441,Los Olivos,Santa Barbara,Southern CA,64,65,-1.5,down,25.0,up
95136,San Jose,Santa Clara,Northern CA,64,65,-1.5,down,195.2,up
95207,Stockton,San Joaquin,Northern CA,64,57,12.3,up,58.8,up
95363,Patterson,Stanislaus,Northern CA,64,60,6.7,up,66.7,up
95624,Elk Grove,Sacramento,Northern CA,64,64,0.0,flat,117.2,up
93221,Exeter,Tulare,Northern CA,63,61,3.3,up,67.7,up
94303,Palo Alto,San Mateo,Northern CA,63,59,6.8,up,113.8,up
95012,Castroville,Monterey,Northern CA,63,63,0.0,flat,110.7,up
95121,San Jose,Santa Clara,Northern CA,63,64,-1.6,down,62.5,up
95694,Winters,Yolo,Northern CA,63,57,10.5,up,10.9,up
90028,Los Angeles,Los Angeles,Southern CA,62,66,-6.1,down,112.1,up
90248,Gardena,Los Angeles,Southern CA,62,64,-3.1,down,28.8,up
93210,Coalinga,Fresno,Northern CA,62,63,-1.6,down,100.0,up
93430,Cayucos,San Luis Obispo,Southern CA,62,62,0.0,flat,50.0,up
94970,Stinson Beach,Marin,Northern CA,62,62,0.0,flat,80.6,up
95307,Ceres,Stanislaus,Northern CA,62,64,-3.1,down,109.4,up
92647,Huntington Beach,Orange,Southern CA,61,63,-3.2,down,57.9,up
92649,Huntington Beach,Orange,Southern CA,61,62,-1.6,down,119.4,up
92835,Fullerton,Orange,Southern CA,61,59,3.4,up,100.0,up
94933,Forest Knolls,Marin,Northern CA,61,58,5.2,up,10.2,up
95459,Manchester,Mendocino,Northern CA,61,60,1.7,up,7.4,up
93541,Lee Vining,Mono,Northern CA,60,59,1.7,up,51.3,up
94928,Rohnert Park,Sonoma,Northern CA,60,65,-7.7,down,92.1,up
95318,El Portal,Mariposa,Northern CA,60,59,1.7,up,3.5,up
95401,Santa Rosa,Sonoma,Northern CA,60,60,0.0,flat,106.1,up
95758,Elk Grove,Sacramento,Northern CA,60,62,-3.2,down,156.0,up
95838,Sacramento,Sacramento,Northern CA,60,63,-4.8,down,3.2,up
93314,Bakersfield,Kern,Southern CA,59,61,-3.3,down,80.6,up
93641,Miramonte,Fresno,Northern CA,59,60,-1.7,down,3.6,up
94115,San Francisco,San Francisco,Northern CA,59,63,-6.3,down,93.5,up
94503,American Canyon,Napa,Northern CA,59,58,1.7,up,93.1,up
95552,Mad River,Trinity,Northern CA,59,59,0.0,flat,5.5,up
92802,Anaheim,Orange,Southern CA,58,60,-3.3,down,139.1,up
93041,Port Hueneme,Ventura,Southern CA,58,59,-1.7,down,125.0,up
95232,Glencoe,Calaveras,Northern CA,58,57,1.8,up,9.8,up
90254,Hermosa Beach,Los Angeles,Southern CA,57,57,0.0,flat,90.0,up
90503,Torrance,Los Angeles,Southern CA,57,59,-3.4,down,70.3,up
90504,Torrance,Los Angeles,Southern CA,57,57,0.0,flat,32.4,up
92663,Newport Beach,Orange,Southern CA,57,57,0.0,flat,51.6,up
93662,Selma,Fresno,Northern CA,57,52,9.6,up,75.0,up
95549,Kneeland,Humboldt,Northern CA,57,50,14.0,up,8.2,up
95670,Rancho Cordova,Sacramento,Northern CA,57,63,-9.5,down,106.7,up
96056,Mcarthur,Lassen,Northern CA,57,54,5.6,up,2.0,up
92831,Fullerton,Orange,Southern CA,56,59,-5.1,down,46.3,up
93263,Shafter,Kern,Southern CA,56,56,0.0,flat,150.0,up
94589,Vallejo,Solano,Northern CA,56,54,3.7,up,82.1,up
95601,Amador City,Amador,Northern CA,56,56,0.0,flat,27.5,up
93603,Badger,Tulare,Northern CA,55,52,5.8,up,-7.0,down
93728,Fresno,Fresno,Northern CA,55,59,-6.8,down,37.0,up
93612,Clovis,Fresno,Northern CA,54,57,-5.3,down,185.7,up
93703,Fresno,Fresno,Northern CA,54,52,3.8,up,40.0,up
93725,Fresno,Fresno,Northern CA,54,56,-3.6,down,17.8,up
94133,San Francisco,San Francisco,Northern CA,54,54,0.0,flat,108.3,up
94403,San Mateo,San Mateo,Northern CA,54,53,1.9,up,96.2,up
94938,Lagunitas,Marin,Northern CA,54,52,3.8,up,14.0,up
95468,Point Arena,Mendocino,Northern CA,54,50,8.0,up,14.3,up
95494,Yorkville,Mendocino,Northern CA,54,52,3.8,up,17.8,up
95721,Echo Lake,El Dorado,Northern CA,54,55,-1.8,down,-3.5,down
90058,Los Angeles,Los Angeles,Southern CA,53,57,-7.0,down,27.9,up
92254,Mecca,Riverside,Southern CA,53,50,6.0,up,175.0,up
94132,San Francisco,San Francisco,Northern CA,53,51,3.9,up,67.7,up
95125,San Jose,Santa Clara,Northern CA,53,55,-3.6,down,57.9,up
90212,Beverly Hills,Los Angeles,Southern CA,52,51,2.0,up,36.8,up
90808,Long Beach,Los Angeles,Southern CA,52,57,-8.8,down,75.8,up
92624,Capistrano Beach,Orange,Southern CA,52,50,4.0,up,200.0,up
94005,Brisbane,San Mateo,Northern CA,52,51,2.0,up,76.0,up
95565,Scotia,Humboldt,Northern CA,52,43,20.9,up,47.6,up
92251,Imperial,Imperial,Southern CA,51,49,4.1,up,41.4,up
93950,Pacific Grove,Monterey,Northern CA,51,49,4.1,up,187.5,up
94015,Daly City,San Mateo,Northern CA,51,50,2.0,up,59.4,up
95043,Paicines,San Benito,Northern CA,51,55,-7.3,down,11.5,up
95124,San Jose,Santa Clara,Northern CA,51,56,-8.9,down,96.3,up
95829,Sacramento,Sacramento,Northern CA,51,56,-8.9,down,91.7,up
96105,Chilcoot,Plumas,Northern CA,51,54,-5.6,down,33.3,up
93280,Wasco,Kern,Southern CA,50,47,6.4,up,86.4,up
93720,Fresno,Fresno,Northern CA,50,49,2.0,up,120.0,up
94301,Palo Alto,Santa Clara,Northern CA,50,51,-2.0,down,62.1,up
94579,San Leandro,Alameda,Northern CA,50,51,-2.0,down,130.4,up
95350,Modesto,Stanislaus,Northern CA,50,51,-2.0,down,59.4,up
95443,Glenhaven,Lake,Northern CA,50,48,4.2,up,19.4,up
95717,Gold Run,Placer,Northern CA,50,47,6.4,up,0.0,flat
95815,Sacramento,Sacramento,Northern CA,50,52,-3.8,down,26.8,up
90056,Los Angeles,Los Angeles,Southern CA,49,51,-3.9,down,96.0,up
94580,San Lorenzo,Alameda,Northern CA,49,42,16.7,up,153.3,up
93645,O Neals,Madera,Northern CA,48,51,-5.9,down,20.5,up
94018,El Granada,San Mateo,Northern CA,48,45,6.7,up,121.4,up
94957,Ross,Marin,Northern CA,48,46,4.3,up,48.3,up
95210,Stockton,San Joaquin,Northern CA,48,52,-7.7,down,205.6,up
95336,Manteca,San Joaquin,Northern CA,48,50,-4.0,down,50.0,up
95968,Palermo,Butte,Northern CA,48,47,2.1,up,74.1,up
96126,Sierraville,Sierra,Northern CA,48,49,-2.0,down,22.0,up
91932,Imperial Beach,San Diego,Southern CA,47,53,-11.3,down,93.1,up
92844,Garden Grove,Orange,Southern CA,47,46,2.2,up,109.1,up
93905,Salinas,Monterey,Northern CA,47,49,-4.1,down,127.3,up
94306,Palo Alto,Santa Clara,Northern CA,47,47,0.0,flat,76.2,up
95240,Lodi,San Joaquin,Northern CA,47,55,-14.5,down,163.2,up
95687,Vacaville,Solano,Northern CA,47,49,-4.1,down,95.7,up
95926,Chico,Butte,Northern CA,47,49,-4.1,down,40.6,up
95963,Orland,Glenn,Northern CA,47,45,4.4,up,37.5,up
95126,San Jose,Santa Clara,Northern CA,46,45,2.2,up,64.3,up
95340,Merced,Merced,Northern CA,46,43,7.0,up,40.7,up
95526,Bridgeville,Trinity,Northern CA,46,54,-14.8,down,-5.7,down
95556,Orleans,Humboldt,Northern CA,46,45,2.2,up,16.2,up
94545,Hayward,Alameda,Northern CA,45,44,2.3,up,55.2,up
95110,San Jose,Santa Clara,Northern CA,45,42,7.1,up,46.7,up
95358,Modesto,Stanislaus,Northern CA,45,45,0.0,flat,60.7,up
95376,Tracy,San Joaquin,Northern CA,45,43,4.7,up,100.0,up
95377,Tracy,San Joaquin,Northern CA,45,44,2.3,up,95.5,up
95380,Turlock,Stanislaus,Northern CA,45,44,2.3,up,108.7,up
95419,Camp Meeker,Sonoma,Northern CA,45,44,2.3,up,17.1,up
96033,French Gulch,Shasta,Northern CA,45,42,7.1,up,7.5,up
92066,Ranchita,San Diego,Southern CA,44,39,12.8,up,33.3,up
92106,San Diego,San Diego,Southern CA,44,40,10.0,up,64.3,up
92706,Santa Ana,Orange,Southern CA,44,45,-2.2,down,69.6,up
93516,Boron,Kern,Southern CA,44,40,10.0,up,52.4,up
93654,Reedley,Fresno,Northern CA,44,45,-2.2,down,34.4,up
94037,Montara,San Mateo,Northern CA,44,42,4.8,up,100.0,up
94520,Concord,Contra Costa,Northern CA,44,47,-6.4,down,72.0,up
95348,Merced,Merced,Northern CA,44,44,0.0,flat,66.7,up
95355,Modesto,Stanislaus,Northern CA,44,48,-8.3,down,145.5,up
95757,Elk Grove,Sacramento,Northern CA,44,43,2.3,up,238.5,up
95991,Yuba City,Sutter,Northern CA,44,52,-15.4,down,200.0,up
90713,Lakewood,Los Angeles,Southern CA,43,41,4.9,up,69.2,up
91934,Jacumba,San Diego,Southern CA,43,37,16.2,up,19.4,up
93440,Los Alamos,Santa Barbara,Southern CA,43,48,-10.4,down,14.6,up
94109,San Francisco,San Francisco,Northern CA,43,45,-4.4,down,84.6,up
94710,Berkeley,Alameda,Northern CA,43,43,0.0,flat,51.9,up
94946,Nicasio,Marin,Northern CA,43,45,-4.4,down,7.9,up
95925,Challenge,Yuba,Northern CA,43,45,-4.4,down,4.3,up
90293,Playa Del Rey,Los Angeles,Southern CA,42,43,-2.3,down,63.0,up
90815,Long Beach,Los Angeles,Southern CA,42,41,2.4,up,95.5,up
92614,Irvine,Orange,Southern CA,42,46,-8.7,down,127.3,up
93705,Fresno,Fresno,Northern CA,42,47,-10.6,down,80.0,up
93726,Fresno,Fresno,Northern CA,42,41,2.4,up,50.0,up
94518,Concord,Contra Costa,Northern CA,42,43,-2.3,down,53.6,up
95225,Burson,Calaveras,Northern CA,42,40,5.0,up,2.4,up
96107,Coleville,Mono,Northern CA,42,43,-2.3,down,32.3,up
92861,Villa Park,Orange,Southern CA,41,39,5.1,up,158.3,up
93545,Lone Pine,Inyo,Northern CA,41,39,5.1,up,33.3,up
94089,Sunnyvale,Santa Clara,Northern CA,41,43,-4.7,down,153.3,up
94401,San Mateo,San Mateo,Northern CA,41,40,2.5,up,69.2,up
95536,Ferndale,Humboldt,Northern CA,41,40,2.5,up,28.0,up
93208,Camp Nelson,Tulare,Northern CA,40,40,0.0,flat,-20.4,down
93650,Fresno,Fresno,Northern CA,40,46,-13.0,down,119.0,up
94107,San Francisco,San Francisco,Northern CA,40,36,11.1,up,131.2,up
95567,Smith River,Del Norte,Northern CA,40,39,2.6,up,153.3,up
95621,Citrus Heights,Sacramento,Northern CA,40,40,0.0,flat,266.7,up
95742,Rancho Cordova,Sacramento,Northern CA,40,39,2.6,up,178.6,up
95818,Sacramento,Sacramento,Northern CA,40,38,5.3,up,50.0,up
95983,Taylorsville,Plumas,Northern CA,40,40,0.0,flat,0.0,flat
96017,Castella,Shasta,Northern CA,40,42,-4.8,down,0.0,flat
96050,Klamath River,Siskiyou,Northern CA,40,37,8.1,up,10.3,up
96075,Paynes Creek,Tehama,Northern CA,40,35,14.3,up,5.4,up
90755,Signal Hill,Los Angeles,Southern CA,39,41,-4.9,down,29.0,up
93292,Visalia,Tulare,Northern CA,39,40,-2.5,down,-5.6,down
93622,Firebaugh,Fresno,Northern CA,39,39,0.0,flat,-7.1,down
93704,Fresno,Fresno,Northern CA,39,41,-4.9,down,56.5,up
94924,Bolinas,Marin,Northern CA,39,38,2.6,up,66.7,up
95428,Covelo,Mendocino,Northern CA,39,45,-13.3,down,0.0,flat
93906,Salinas,Monterey,Northern CA,38,40,-5.0,down,90.5,up
94538,Fremont,Alameda,Northern CA,38,36,5.6,up,58.3,up
95209,Stockton,San Joaquin,Northern CA,38,38,0.0,flat,126.7,up
95546,Hoopa,Humboldt,Northern CA,38,39,-2.6,down,38.5,up
95608,Carmichael,Sacramento,Northern CA,38,34,11.8,up,90.5,up
95610,Citrus Heights,Sacramento,Northern CA,38,42,-9.5,down,175.0,up
96121,Milford,Lassen,Northern CA,38,33,15.2,up,40.9,up
91502,Burbank,Los Angeles,Southern CA,37,36,2.8,up,146.7,up
93618,Dinuba,Tulare,Northern CA,37,37,0.0,flat,130.8,up
93955,Seaside,Monterey,Northern CA,37,41,-9.8,down,100.0,up
94511,Bethel Island,Contra Costa,Northern CA,37,37,0.0,flat,8.1,up
95824,Sacramento,Sacramento,Northern CA,37,36,2.8,up,73.7,up
92655,Midway City,Orange,Southern CA,36,36,0.0,flat,158.3,up
95354,Modesto,Stanislaus,Northern CA,36,39,-7.7,down,61.5,up
95548,Klamath,Del Norte,Northern CA,36,33,9.1,up,33.3,up
92398,Yermo,San Bernardino,Southern CA,35,37,-5.4,down,115.4,up
92626,Costa Mesa,Orange,Southern CA,35,32,9.4,up,161.5,up
92832,Fullerton,Orange,Southern CA,35,40,-12.5,down,100.0,up
93433,Grover Beach,San Luis Obispo,Southern CA,35,36,-2.8,down,175.0,up
94931,Cotati,Sonoma,Northern CA,35,31,12.9,up,93.3,up
95337,Manteca,San Joaquin,Northern CA,35,34,2.9,up,52.2,up
95420,Caspar,Mendocino,Northern CA,35,35,0.0,flat,24.0,up
95993,Yuba City,Sutter,Northern CA,35,35,0.0,flat,121.4,up
95628,Fair Oaks,Sacramento,Northern CA,34,39,-12.8,down,55.6,up
96111,Floriston,Nevada,Northern CA,34,29,17.2,up,28.0,up
92368,Oro Grande,San Bernardino,Southern CA,33,30,10.0,up,92.3,up
93247,Lindsay,Tulare,Northern CA,33,31,6.5,up,91.7,up
93711,Fresno,Fresno,Northern CA,33,33,0.0,flat,66.7,up
94087,Sunnyvale,Santa Clara,Northern CA,33,35,-5.7,down,190.9,up
95118,San Jose,Santa Clara,Northern CA,33,31,6.5,up,87.5,up
95692,Wheatland,Yuba,Northern CA,33,34,-2.9,down,52.4,up
95972,Rackerby,Yuba,Northern CA,33,32,3.1,up,-5.9,down
92868,Orange,Orange,Southern CA,32,35,-8.6,down,94.1,up
93960,Soledad,Monterey,Northern CA,32,32,0.0,flat,26.1,up
94103,San Francisco,San Francisco,Northern CA,32,30,6.7,up,45.0,up
94560,Newark,Alameda,Northern CA,32,30,6.7,up,85.7,up
94585,Suisun City,Solano,Northern CA,32,35,-8.6,down,44.0,up
95356,Modesto,Stanislaus,Northern CA,32,29,10.3,up,53.3,up
95432,Elk,Mendocino,Northern CA,32,28,14.3,up,26.1,up
95765,Rocklin,Placer,Northern CA,32,32,0.0,flat,100.0,up
90740,Seal Beach,Orange,Southern CA,31,38,-18.4,down,150.0,up
93255,Onyx,Kern,Southern CA,31,27,14.8,up,53.3,up
93523,Edwards,Kern,Southern CA,31,31,0.0,flat,100.0,up
94063,Redwood City,San Mateo,Northern CA,31,31,0.0,flat,93.8,up
94305,Stanford,Santa Clara,Northern CA,31,30,3.3,up,228.6,up
95128,San Jose,Santa Clara,Northern CA,31,31,0.0,flat,76.2,up
95129,San Jose,Santa Clara,Northern CA,31,34,-8.8,down,100.0,up
95212,Stockton,San Joaquin,Northern CA,31,35,-11.4,down,90.0,up
95341,Merced,Merced,Northern CA,31,31,0.0,flat,100.0,up
95558,Petrolia,Humboldt,Northern CA,31,34,-8.8,down,-5.6,down
95979,Stonyford,Colusa,Northern CA,31,30,3.3,up,-3.4,down
96109,Doyle,Lassen,Northern CA,31,30,3.3,up,13.0,up
93226,Glennville,Kern,Southern CA,30,32,-6.2,down,3.4,up
93267,Strathmore,Tulare,Northern CA,30,24,25.0,up,69.2,up
93701,Fresno,Fresno,Northern CA,30,29,3.4,up,28.6,up
94612,Oakland,Alameda,Northern CA,30,30,0.0,flat,33.3,up
96014,Callahan,Siskiyou,Northern CA,30,31,-3.2,down,7.4,up
92250,Holtville,Imperial,Southern CA,29,24,20.8,up,42.9,up
93611,Clovis,Fresno,Northern CA,29,28,3.6,up,76.9,up
93635,Los Banos,Merced,Northern CA,29,27,7.4,up,56.2,up
95008,Campbell,Santa Clara,Northern CA,29,31,-6.5,down,118.8,up
95305,Big Oak Flat,Tuolumne,Northern CA,29,28,3.6,up,0.0,flat
95322,Gustine,Merced,Northern CA,29,28,3.6,up,43.8,up
95660,North Highlands,Sacramento,Northern CA,29,30,-3.3,down,68.8,up
95673,Rio Linda,Sacramento,Northern CA,29,32,-9.4,down,40.9,up
96055,Los Molinos,Tehama,Northern CA,29,37,-21.6,down,48.1,up
90720,Los Alamitos,Orange,Southern CA,28,29,-3.4,down,50.0,up
93252,Maricopa,Kern,Southern CA,28,28,0.0,flat,17.4,up
93647,Orosi,Tulare,Northern CA,28,28,0.0,flat,20.0,up
93730,Fresno,Fresno,Northern CA,28,28,0.0,flat,237.5,up
95017,Davenport,Santa Cruz,Northern CA,28,27,3.7,up,22.7,up
95050,Santa Clara,Santa Clara,Northern CA,28,33,-15.2,down,93.3,up
95140,Mount Hamilton,Santa Clara,Northern CA,28,31,-9.7,down,18.5,up
95817,Sacramento,Sacramento,Northern CA,28,28,0.0,flat,47.4,up
95833,Sacramento,Sacramento,Northern CA,28,30,-6.7,down,45.0,up
96086,Seiad Valley,Siskiyou,Northern CA,28,28,0.0,flat,15.4,up
96104,Cedarville,Modoc,Northern CA,28,31,-9.7,down,66.7,up
93254,New Cuyama,Santa Barbara,Southern CA,27,25,8.0,up,68.8,up
93434,Guadalupe,Santa Barbara,Southern CA,27,26,3.8,up,100.0,up
94929,Dillon Beach,Marin,Northern CA,27,26,3.8,up,40.0,up
95051,Santa Clara,Santa Clara,Northern CA,27,31,-12.9,down,121.4,up
95131,San Jose,Santa Clara,Northern CA,27,28,-3.6,down,154.5,up
95202,Stockton,San Joaquin,Northern CA,27,27,0.0,flat,26.3,up
95304,Tracy,San Joaquin,Northern CA,27,30,-10.0,down,127.3,up
95632,Galt,Sacramento,Northern CA,27,28,-3.6,down,73.3,up
95662,Orangevale,Sacramento,Northern CA,27,31,-12.9,down,33.3,up
96040,Hat Creek,Shasta,Northern CA,27,28,-3.6,down,-3.7,down
96058,Macdoel,Siskiyou,Northern CA,27,25,8.0,up,25.0,up
92118,Coronado,San Diego,Southern CA,26,30,-13.3,down,76.5,up
92866,Orange,Orange,Southern CA,26,28,-7.1,down,130.8,up
93630,Kerman,Fresno,Northern CA,26,24,8.3,up,30.0,up
94038,Moss Beach,San Mateo,Northern CA,26,24,8.3,up,100.0,up
94505,Discovery Bay,Contra Costa,Northern CA,26,27,-3.7,down,33.3,up
94555,Fremont,Alameda,Northern CA,26,28,-7.1,down,33.3,up
94572,Rodeo,Contra Costa,Northern CA,26,26,0.0,flat,46.7,up
95119,San Jose,Santa Clara,Northern CA,26,26,0.0,flat,92.3,up
95134,San Jose,Santa Clara,Northern CA,26,29,-10.3,down,136.4,up
95369,Snelling,Merced,Northern CA,26,24,8.3,up,21.1,up
92257,Niland,Imperial,Southern CA,25,29,-13.8,down,128.6,up
92865,Orange,Orange,Southern CA,25,24,4.2,up,75.0,up
93250,Mc Farland,Kern,Southern CA,25,26,-3.8,down,9.1,up
95254,Wallace,Calaveras,Northern CA,25,28,-10.7,down,0.0,flat
95427,Comptche,Mendocino,Northern CA,25,24,4.2,up,29.4,up
95493,Witter Springs,Lake,Northern CA,25,24,4.2,up,4.8,up
95551,Loleta,Humboldt,Northern CA,25,22,13.6,up,50.0,up
95605,West Sacramento,Yolo,Northern CA,25,25,0.0,flat,30.0,up
95693,Wilton,Sacramento,Northern CA,25,31,-19.4,down,12.5,up
95816,Sacramento,Sacramento,Northern CA,25,28,-10.7,down,11.5,up
93212,Corcoran,Kings,Northern CA,24,22,9.1,up,5.0,up
93610,Chowchilla,Madera,Northern CA,24,24,0.0,flat,35.3,up
94086,Sunnyvale,Santa Clara,Northern CA,24,23,4.3,up,100.0,up
94940,Marshall,Marin,Northern CA,24,26,-7.7,down,33.3,up
95010,Capitola,Santa Cruz,Northern CA,24,27,-11.1,down,125.0,up
95133,San Jose,Santa Clara,Northern CA,24,26,-7.7,down,29.4,up
95550,Korbel,Humboldt,Northern CA,24,23,4.3,up,-18.5,down
95691,West Sacramento,Yolo,Northern CA,24,27,-11.1,down,19.0,up
95699,Drytown,Amador,Northern CA,24,24,0.0,flat,36.8,up
96023,Dorris,Siskiyou,Northern CA,24,22,9.1,up,62.5,up
96113,Herlong,Lassen,Northern CA,24,22,9.1,up,35.7,up
93621,Dunlap,Fresno,Northern CA,23,24,-4.2,down,9.1,up
94040,Mountain View,Santa Clara,Northern CA,23,22,4.5,up,100.0,up
95242,Lodi,San Joaquin,Northern CA,23,25,-8.0,down,237.5,up
95301,Atwater,Merced,Northern CA,23,25,-8.0,down,116.7,up
95678,Roseville,Placer,Northern CA,23,23,0.0,flat,60.0,up
95841,Sacramento,Sacramento,Northern CA,23,15,53.3,up,36.4,up
95961,Olivehurst,Yuba,Northern CA,23,22,4.5,up,35.3,up
96010,Big Bar,Trinity,Northern CA,23,21,9.5,up,0.0,flat
96129,Beckwourth,Plumas,Northern CA,23,22,4.5,up,28.6,up
90245,El Segundo,Los Angeles,Southern CA,22,21,4.8,up,109.1,up
90623,La Palma,Orange,Southern CA,22,24,-8.3,down,150.0,up
93452,San Simeon,San Luis Obispo,Southern CA,22,22,0.0,flat,66.7,up
94021,Loma Mar,San Mateo,Northern CA,22,24,-8.3,down,-11.1,down
94599,Yountville,Napa,Northern CA,22,25,-12.0,down,18.2,up
94963,San Geronimo,Marin,Northern CA,22,22,0.0,flat,22.2,up
95334,Livingston,Merced,Northern CA,22,24,-8.3,down,140.0,up
95367,Riverbank,Stanislaus,Northern CA,22,20,10.0,up,50.0,up
95471,Rio Nido,Sonoma,Northern CA,22,22,0.0,flat,-28.6,down
95488,Westport,Mendocino,Northern CA,22,22,0.0,flat,-4.5,down
95827,Sacramento,Sacramento,Northern CA,22,26,-15.4,down,88.2,up
95835,Sacramento,Sacramento,Northern CA,22,21,4.8,up,200.0,up
90017,Los Angeles,Los Angeles,Southern CA,21,24,-12.5,down,10.5,up
92661,Newport Beach,Orange,Southern CA,21,22,-4.5,down,25.0,up
94043,Mountain View,Santa Clara,Northern CA,21,22,-4.5,down,110.0,up
94576,Deer Park,Napa,Northern CA,21,18,16.7,up,11.1,up
95429,Dos Rios,Mendocino,Northern CA,21,20,5.0,up,-9.5,down
92280,Vidal,San Bernardino,Southern CA,20,19,5.3,up,340.0,up
92401,San Bernardino,San Bernardino,Southern CA,20,22,-9.1,down,122.2,up
92606,Irvine,Orange,Southern CA,20,20,0.0,flat,136.4,up
93270,Terra Bella,Tulare,Northern CA,20,18,11.1,up,58.3,up
93513,Big Pine,Inyo,Northern CA,20,20,0.0,flat,35.3,up
93562,Trona,San Bernardino,Southern CA,20,19,5.3,up,90.0,up
93646,Orange Cove,Fresno,Northern CA,20,19,5.3,up,21.4,up
93901,Salinas,Monterey,Northern CA,20,16,25.0,up,46.2,up
94304,Palo Alto,Santa Clara,Northern CA,20,19,5.3,up,72.7,up
94519,Concord,Contra Costa,Northern CA,20,20,0.0,flat,54.5,up
95618,Davis,Yolo,Northern CA,20,22,-9.1,down,250.0,up
95637,Guinda,Yolo,Northern CA,20,20,0.0,flat,26.7,up
95681,Sheridan,Placer,Northern CA,20,21,-4.8,down,12.5,up
95776,Woodland,Yolo,Northern CA,20,19,5.3,up,110.0,up
95984,Twain,Plumas,Northern CA,20,21,-4.8,down,10.5,up
96006,Adin,Modoc,Northern CA,20,20,0.0,flat,220.0,up
90094,Playa Vista,Los Angeles,Southern CA,19,16,18.8,up,133.3,up
93526,Independence,Inyo,Northern CA,19,22,-13.6,down,216.7,up
95117,San Jose,Santa Clara,Northern CA,19,20,-5.0,down,110.0,up
95357,Modesto,Stanislaus,Northern CA,19,18,5.6,up,91.7,up
95463,Navarro,Mendocino,Northern CA,19,20,-5.0,down,-10.0,down
95547,Hydesville,Humboldt,Northern CA,19,18,5.6,up,55.6,up
95661,Roseville,Placer,Northern CA,19,17,11.8,up,100.0,up
95864,Sacramento,Sacramento,Northern CA,19,20,-5.0,down,92.3,up
95934,Crescent Mills,Plumas,Northern CA,19,18,5.6,up,50.0,up
96035,Gerber,Tehama,Northern CA,19,19,0.0,flat,30.8,up
92347,Hinkley,San Bernardino,Southern CA,18,16,12.5,up,15.4,up
93256,Pixley,Tulare,Northern CA,18,17,5.9,up,55.6,up
93445,Oceano,San Luis Obispo,Southern CA,18,21,-14.3,down,175.0,up
94102,San Francisco,San Francisco,Northern CA,18,17,5.9,up,100.0,up
94404,San Mateo,San Mateo,Northern CA,18,19,-5.3,down,80.0,up
94922,Bodega,Sonoma,Northern CA,18,13,38.5,up,26.7,up
95826,Sacramento,Sacramento,Northern CA,18,20,-10.0,down,188.9,up
95932,Colusa,Colusa,Northern CA,18,18,0.0,flat,60.0,up
90067,Los Angeles,Los Angeles,Southern CA,17,14,21.4,up,87.5,up
92239,Desert Center,Riverside,Southern CA,17,14,21.4,up,116.7,up
93223,Farmersville,Tulare,Northern CA,17,17,0.0,flat,18.8,up
93244,Lemon Cove,Tulare,Northern CA,17,16,6.2,up,37.5,up
94074,San Gregorio,San Mateo,Northern CA,17,18,-5.6,down,-18.2,down
95219,Stockton,San Joaquin,Northern CA,17,18,-5.6,down,20.0,up
95587,Piercy,Mendocino,Northern CA,17,17,0.0,flat,13.3,up
95821,Sacramento,Sacramento,Northern CA,17,20,-15.0,down,33.3,up
95948,Gridley,Butte,Northern CA,17,15,13.3,up,33.3,up
90021,Los Angeles,Los Angeles,Southern CA,16,15,6.7,up,-14.3,down
92249,Heber,Imperial,Southern CA,16,16,0.0,flat,44.4,up
92845,Garden Grove,Orange,Southern CA,16,16,0.0,flat,114.3,up
93204,Avenal,Kings,Northern CA,16,17,-5.9,down,166.7,up
93206,Buttonwillow,Kern,Southern CA,16,15,6.7,up,7.7,up
93723,Fresno,Fresno,Northern CA,16,16,0.0,flat,40.0,up
93925,Chualar,Monterey,Northern CA,16,18,-11.1,down,5.6,up
94569,Port Costa,Contra Costa,Northern CA,16,16,0.0,flat,18.2,up
94571,Rio Vista,Solano,Northern CA,16,17,-5.9,down,10.0,up
95320,Escalon,San Joaquin,Northern CA,16,18,-11.1,down,70.0,up
95368,Salida,Stanislaus,Northern CA,16,22,-27.3,down,155.6,up
95555,Orick,Humboldt,Northern CA,16,15,6.7,up,7.7,up
95569,Redcrest,Humboldt,Northern CA,16,12,33.3,up,-37.5,down
96038,Grenada,Siskiyou,Northern CA,16,14,14.3,up,20.0,up
96108,Davis Creek,Modoc,Northern CA,16,13,23.1,up,60.0,up
96115,Lake City,Modoc,Northern CA,16,16,0.0,flat,8.3,up
92258,North Palm Springs,Riverside,Southern CA,15,17,-11.8,down,112.5,up
95220,Acampo,San Joaquin,Northern CA,15,16,-6.2,down,66.7,up
95330,Lathrop,San Joaquin,Northern CA,15,16,-6.2,down,33.3,up
95391,Tracy,San Joaquin,Northern CA,15,23,-34.8,down,92.3,up
95638,Herald,Sacramento,Northern CA,15,17,-11.8,down,142.9,up
95825,Sacramento,Sacramento,Northern CA,15,13,15.4,up,128.6,up
95832,Sacramento,Sacramento,Northern CA,15,15,0.0,flat,22.2,up
95842,Sacramento,Sacramento,Northern CA,15,17,-11.8,down,60.0,up
93219,Earlimart,Tulare,Northern CA,14,15,-6.7,down,42.9,up
93631,Kingsburg,Fresno,Northern CA,14,14,0.0,flat,116.7,up
93710,Fresno,Fresno,Northern CA,14,12,16.7,up,27.3,up
94085,Sunnyvale,Santa Clara,Northern CA,14,13,7.7,up,85.7,up
95075,Tres Pinos,San Benito,Northern CA,14,14,0.0,flat,50.0,up
95382,Turlock,Stanislaus,Northern CA,14,16,-12.5,down,88.9,up
95412,Annapolis,Sonoma,Northern CA,14,12,16.7,up,-6.2,down
95695,Woodland,Yolo,Northern CA,14,16,-12.5,down,20.0,up
95831,Sacramento,Sacramento,Northern CA,14,13,7.7,up,18.2,up
96117,Litchfield,Lassen,Northern CA,14,12,16.7,up,160.0,up
93245,Lemoore,Kings,Northern CA,13,13,0.0,flat,0.0,flat
95315,Delhi,Merced,Northern CA,13,15,-13.3,down,30.8,up
95388,Winton,Merced,Northern CA,13,15,-13.3,down,87.5,up
95585,Leggett,Mendocino,Northern CA,13,13,0.0,flat,-15.0,down
95736,Weimar,Placer,Northern CA,13,13,0.0,flat,-11.8,down
95811,Sacramento,Sacramento,Northern CA,13,13,0.0,flat,0.0,flat
95953,Live Oak,Sutter,Northern CA,13,12,8.3,up,85.7,up
96009,Bieber,Lassen,Northern CA,13,11,18.2,up,33.3,up
96015,Canby,Modoc,Northern CA,13,14,-7.1,down,13.3,up
96076,Platina,Shasta,Northern CA,13,13,0.0,flat,-16.7,down
96134,Tulelake,Siskiyou,Northern CA,13,13,0.0,flat,83.3,up
90401,Santa Monica,Los Angeles,Southern CA,12,12,0.0,flat,266.7,up
92233,Calipatria,Imperial,Southern CA,12,13,-7.7,down,100.0,up
92273,Seeley,Imperial,Southern CA,12,12,0.0,flat,0.0,flat
93287,Woody,Kern,Southern CA,12,11,9.1,up,22.2,up
93563,Valyermo,Los Angeles,Southern CA,12,11,9.1,up,10.0,up
93625,Fowler,Fresno,Northern CA,12,12,0.0,flat,116.7,up
95019,Freedom,Santa Cruz,Northern CA,12,13,-7.7,down,180.0,up
95226,Campo Seco,Calaveras,Northern CA,12,13,-7.7,down,0.0,flat
95360,Newman,Stanislaus,Northern CA,12,12,0.0,flat,25.0,up
95641,Isleton,Sacramento,Northern CA,12,14,-14.3,down,62.5,up
95988,Willows,Glenn,Northern CA,12,9,33.3,up,16.7,up
90013,Los Angeles,Los Angeles,Southern CA,11,10,10.0,up,33.3,up
93620,Dos Palos,Merced,Northern CA,11,10,10.0,up,57.1,up
93721,Fresno,Fresno,Northern CA,11,11,0.0,flat,42.9,up
93737,Fresno,Fresno,Northern CA,11,9,22.2,up,71.4,up
93926,Gonzales,Monterey,Northern CA,11,10,10.0,up,66.7,up
93932,Lockwood,Monterey,Northern CA,11,13,-15.4,down,0.0,flat
94041,Mountain View,Santa Clara,Northern CA,11,11,0.0,flat,75.0,up
95002,Alviso,Santa Clara,Northern CA,11,11,0.0,flat,225.0,up
95236,Linden,San Joaquin,Northern CA,11,10,10.0,up,175.0,up
95514,Blocksburg,Humboldt,Northern CA,11,10,10.0,up,-7.1,down
95607,Capay,Yolo,Northern CA,11,10,10.0,up,100.0,up
95627,Esparto,Yolo,Northern CA,11,9,22.2,up,14.3,up
95834,Sacramento,Sacramento,Northern CA,11,15,-26.7,down,75.0,up
95912,Arbuckle,Colusa,Northern CA,11,10,10.0,up,250.0,up
96046,Hyampom,Trinity,Northern CA,11,11,0.0,flat,0.0,flat
96054,Lookout,Modoc,Northern CA,11,10,10.0,up,12.5,up
93609,Caruthers,Fresno,Northern CA,10,11,-9.1,down,11.1,up
93615,Cutler,Tulare,Northern CA,10,9,11.1,up,83.3,up
94514,Byron,Contra Costa,Northern CA,10,11,-9.1,down,16.7,up
95064,Santa Cruz,Santa Cruz,Northern CA,10,9,11.1,up,50.0,up
95139,San Jose,Santa Clara,Northern CA,10,9,11.1,up,-12.5,down
95316,Denair,Stanislaus,Northern CA,10,12,-16.7,down,100.0,up
95511,Alderpoint,Humboldt,Northern CA,10,10,0.0,flat,-9.1,down
95595,Zenia,Trinity,Northern CA,10,11,-9.1,down,-14.3,down
95620,Dixon,Solano,Northern CA,10,9,11.1,up,27.3,up
95843,Antelope,Sacramento,Northern CA,10,11,-9.1,down,50.0,up
95938,Durham,Butte,Northern CA,10,11,-9.1,down,100.0,up
95939,Elk Creek,Glenn,Northern CA,10,10,0.0,flat,-7.7,down
95944,Goodyears Bar,Sierra,Northern CA,10,10,0.0,flat,9.1,up
96085,Scott Bar,Siskiyou,Northern CA,10,10,0.0,flat,0.0,flat
92327,Daggett,San Bernardino,Southern CA,9,9,0.0,flat,200.0,up
93201,Alpaugh,Tulare,Northern CA,9,9,0.0,flat,-12.5,down
93450,San Ardo,Monterey,Northern CA,9,6,50.0,up,14.3,up
93461,Shandon,San Luis Obispo,Southern CA,9,9,0.0,flat,133.3,up
93549,Olancha,Inyo,Northern CA,9,7,28.6,up,66.7,up
95230,Farmington,San Joaquin,Northern CA,9,8,12.5,up,20.0,up
95324,Hilmar,Merced,Northern CA,9,9,0.0,flat,400.0,up
95326,Hughson,Stanislaus,Northern CA,9,9,0.0,flat,11.1,up
95417,Branscomb,Mendocino,Northern CA,9,9,0.0,flat,0.0,flat
95626,Elverta,Sacramento,Northern CA,9,9,0.0,flat,30.0,up
95910,Alleghany,Sierra,Northern CA,9,9,0.0,flat,-9.1,down
96089,Shasta Lake,Shasta,Northern CA,9,8,12.5,up,0.0,flat
96112,Fort Bidwell,Modoc,Northern CA,9,9,0.0,flat,42.9,up
96133,Topaz,Mono,Northern CA,9,10,-10.0,down,100.0,up
92283,Winterhaven,Imperial,Southern CA,8,7,14.3,up,150.0,up
93666,Sultana,Tulare,Northern CA,8,8,0.0,flat,,new
94105,San Francisco,San Francisco,Northern CA,8,9,-11.1,down,-11.1,down
95231,French Camp,San Joaquin,Northern CA,8,7,14.3,up,14.3,up
95237,Lockeford,San Joaquin,Northern CA,8,10,-20.0,down,233.3,up
95616,Davis,Yolo,Northern CA,8,12,-33.3,down,175.0,up
95679,Rumsey,Yolo,Northern CA,8,9,-11.1,down,-10.0,down
95819,Sacramento,Sacramento,Northern CA,8,10,-20.0,down,30.0,up
96128,Standish,Lassen,Northern CA,8,7,14.3,up,60.0,up
90742,Sunset Beach,Orange,Southern CA,7,9,-22.2,down,80.0,up
91980,Tecate,San Diego,Southern CA,7,7,0.0,flat,50.0,up
92617,Irvine,Orange,Southern CA,7,6,16.7,up,200.0,up
93235,Ivanhoe,Tulare,Northern CA,7,7,0.0,flat,75.0,up
93648,Parlier,Fresno,Northern CA,7,10,-30.0,down,266.7,up
93656,Riverdale,Fresno,Northern CA,7,6,16.7,up,50.0,up
94065,Redwood City,San Mateo,Northern CA,7,8,-12.5,down,200.0,up
94158,San Francisco,San Francisco,Northern CA,7,6,16.7,up,80.0,up
94592,Vallejo,Solano,Northern CA,7,6,16.7,up,25.0,up
95328,Keyes,Stanislaus,Northern CA,7,7,0.0,flat,60.0,up
95366,Ripon,San Joaquin,Northern CA,7,6,16.7,up,250.0,up
95814,Sacramento,Sacramento,Northern CA,7,7,0.0,flat,16.7,up
95917,Biggs,Butte,Northern CA,7,7,0.0,flat,25.0,up
95982,Sutter,Sutter,Northern CA,7,7,0.0,flat,350.0,up
95987,Williams,Colusa,Northern CA,7,6,16.7,up,133.3,up
96034,Gazelle,Siskiyou,Northern CA,7,9,-22.2,down,16.7,up
96116,Likely,Modoc,Northern CA,7,7,0.0,flat,14.3,up
90014,Los Angeles,Los Angeles,Southern CA,6,6,0.0,flat,20.0,up
92259,Ocotillo,Imperial,Southern CA,6,6,0.0,flat,200.0,up
92318,Bryn Mawr,San Bernardino,Southern CA,6,6,0.0,flat,50.0,up
92662,Newport Beach,Orange,Southern CA,6,7,-14.3,down,133.3,up
93218,Ducor,Tulare,Northern CA,6,5,20.0,up,100.0,up
93262,Sequoia National Park,Tulare,Northern CA,6,6,0.0,flat,-14.3,down
93668,Tranquillity,Fresno,Northern CA,6,5,20.0,up,33.3,up
94502,Alameda,Alameda,Northern CA,6,6,0.0,flat,42.9,up
95054,Santa Clara,Santa Clara,Northern CA,6,5,20.0,up,100.0,up
95227,Clements,San Joaquin,Northern CA,6,6,0.0,flat,60.0,up
95333,Le Grand,Merced,Northern CA,6,6,0.0,flat,80.0,up
95386,Waterford,Stanislaus,Northern CA,6,6,0.0,flat,100.0,up
95444,Graton,Sonoma,Northern CA,6,6,0.0,flat,0.0,flat
95564,Samoa,Humboldt,Northern CA,6,6,0.0,flat,50.0,up
95606,Brooks,Yolo,Northern CA,6,7,-14.3,down,25.0,up
96031,Forks Of Salmon,Siskiyou,Northern CA,6,6,0.0,flat,16.7,up
92266,Palo Verde,Imperial,Southern CA,5,7,-28.6,down,200.0,up
92309,Baker,San Bernardino,Southern CA,5,4,25.0,up,66.7,up
93202,Armona,Kings,Northern CA,5,5,0.0,flat,66.7,up
93266,Stratford,Kings,Northern CA,5,5,0.0,flat,,new
93512,Benton,Mono,Northern CA,5,4,25.0,up,33.3,up
93528,Johannesburg,Kern,Southern CA,5,6,-16.7,down,20.0,up
93660,San Joaquin,Fresno,Northern CA,5,5,0.0,flat,-14.3,down
94108,San Francisco,San Francisco,Northern CA,5,5,0.0,flat,25.0,up
95039,Moss Landing,Monterey,Northern CA,5,5,0.0,flat,25.0,up
95313,Crows Landing,Stanislaus,Northern CA,5,5,0.0,flat,300.0,up
95439,Fulton,Sonoma,Northern CA,5,5,0.0,flat,400.0,up
96110,Eagleville,Modoc,Northern CA,5,6,-16.7,down,75.0,up
92281,Westmorland,Imperial,Southern CA,4,6,-33.3,down,0.0,flat
93239,Kettleman City,Kings,Northern CA,4,4,0.0,flat,100.0,up
93249,Lost Hills,Kern,Southern CA,4,5,-20.0,down,0.0,flat
93954,San Lucas,Monterey,Northern CA,4,3,33.3,up,33.3,up
94971,Tomales,Marin,Northern CA,4,3,33.3,up,-33.3,down
95374,Stevinson,Merced,Northern CA,4,4,0.0,flat,-50.0,down
95568,Somes Bar,Siskiyou,Northern CA,4,4,0.0,flat,-16.7,down
95690,Walnut Grove,Sacramento,Northern CA,4,5,-20.0,down,16.7,up
95830,Sacramento,Sacramento,Northern CA,4,2,100.0,up,100.0,up
95837,Sacramento,Sacramento,Northern CA,4,4,0.0,flat,200.0,up
95970,Princeton,Colusa,Northern CA,4,6,-33.3,down,133.3,up
90743,Surfside,Orange,Southern CA,3,2,50.0,up,0.0,flat
93242,Laton,Fresno,Northern CA,3,3,0.0,flat,100.0,up
93272,Tipton,Tulare,Northern CA,3,3,0.0,flat,0.0,flat
93276,Tupman,Kern,Southern CA,3,2,50.0,up,0.0,flat
94111,San Francisco,San Francisco,Northern CA,3,3,0.0,flat,50.0,up
95130,San Jose,Santa Clara,Northern CA,3,3,0.0,flat,50.0,up
95258,Woodbridge,San Joaquin,Northern CA,3,4,-25.0,down,33.3,up
95317,El Nido,Merced,Northern CA,3,3,0.0,flat,-57.1,down
95323,Hickman,Stanislaus,Northern CA,3,3,0.0,flat,0.0,flat
95655,Mather,Sacramento,Northern CA,3,3,0.0,flat,200.0,up
95674,Rio Oso,Sutter,Northern CA,3,3,0.0,flat,66.7,up
95937,Dunnigan,Yolo,Northern CA,3,3,0.0,flat,100.0,up
95951,Hamilton City,Glenn,Northern CA,3,3,0.0,flat,-25.0,down
90089,Los Angeles,Los Angeles,Southern CA,2,3,-33.3,down,-25.0,down
91210,Glendale,Los Angeles,Southern CA,2,2,0.0,flat,,new
92145,San Diego,San Diego,Southern CA,2,2,0.0,flat,,new
92389,Tecopa,Inyo,Northern CA,2,2,0.0,flat,0.0,flat
93224,Fellows,Kern,Southern CA,2,2,0.0,flat,0.0,flat
93429,Casmalia,Santa Barbara,Southern CA,2,2,0.0,flat,-33.3,down
93435,Harmony,San Luis Obispo,Southern CA,2,2,0.0,flat,100.0,up
93554,Randsburg,Kern,Southern CA,2,2,0.0,flat,,new
93616,Del Rey,Fresno,Northern CA,2,2,0.0,flat,-33.3,down
93962,Spreckels,Monterey,Northern CA,2,2,0.0,flat,0.0,flat
94972,Valley Ford,Sonoma,Northern CA,2,1,100.0,up,,new
95013,Coyote,Santa Clara,Northern CA,2,2,0.0,flat,50.0,up
95319,Empire,Stanislaus,Northern CA,2,4,-50.0,down,100.0,up
95365,Planada,Merced,Northern CA,2,2,0.0,flat,0.0,flat
95612,Clarksburg,Yolo,Northern CA,2,4,-50.0,down,100.0,up
95668,Pleasant Grove,Sutter,Northern CA,2,2,0.0,flat,-50.0,down
95686,Thornton,San Joaquin,Northern CA,2,2,0.0,flat,,new
95915,Belden,Plumas,Northern CA,2,1,100.0,up,-50.0,down
95957,Meridian,Sutter,Northern CA,2,2,0.0,flat,0.0,flat
96136,Wendel,Lassen,Northern CA,2,2,0.0,flat,100.0,up
97635,,Lake,Northern CA,2,1,100.0,up,-33.3,down
92140,San Diego,San Diego,Southern CA,1,1,0.0,flat,,new
92275,Salton City,Imperial,Southern CA,1,4,-75.0,down,33.3,up
92310,Fort Irwin,San Bernardino,Southern CA,1,1,0.0,flat,,new
92332,Essex,San Bernardino,Southern CA,1,,,new,,new
92338,Ludlow,San Bernardino,Southern CA,1,1,0.0,flat,0.0,flat
92364,Nipton,San Bernardino,Southern CA,1,1,0.0,flat,0.0,flat
92384,Shoshone,Inyo,Northern CA,1,1,0.0,flat,,new
92518,March Air Reserve Base,Riverside,Southern CA,1,1,0.0,flat,0.0,flat
93234,Huron,Fresno,Northern CA,1,1,0.0,flat,0.0,flat
93558,Red Mountain,San Bernardino,Southern CA,1,1,0.0,flat,0.0,flat
93606,Biola,Fresno,Northern CA,1,1,0.0,flat,0.0,flat
93608,Cantua Creek,Fresno,Northern CA,1,2,-50.0,down,100.0,up
93673,Traver,Tulare,Northern CA,1,1,0.0,flat,,new
94548,Knightsen,Contra Costa,Northern CA,1,1,0.0,flat,,new
94613,Oakland,Alameda,Northern CA,1,1,0.0,flat,,new
94720,Berkeley,Alameda,Northern CA,1,1,0.0,flat,0.0,flat
95253,Victor,San Joaquin,Northern CA,1,2,-50.0,down,,new
95303,Ballico,Merced,Northern CA,1,1,0.0,flat,0.0,flat
95385,Vernalis,Stanislaus,Northern CA,1,1,0.0,flat,-50.0,down
95615,Courtland,Sacramento,Northern CA,1,1,0.0,flat,,new
95645,Knights Landing,Sutter,Northern CA,1,1,0.0,flat,0.0,flat
95653,Madison,Yolo,Northern CA,1,1,0.0,flat,,new
95698,Zamora,Yolo,Northern CA,1,1,0.0,flat,0.0,flat
95920,Butte City,Glenn,Northern CA,1,,,new,,new
96123,Ravendale,Lassen,Northern CA,1,,,new,,new
96132,Termo,Lassen,Northern CA,1,1,0.0,flat,-50.0,down
